,Date,Open,Close,Return,Next Return
0,2023-08-21 00:00:00+05:30,264.58793238589635,251.3585357666016,-0.04999999999999979,0.0
1,2023-08-22 00:00:00+05:30,238.8280487060547,238.8280487060547,0.0,0.0
2,2023-08-23 00:00:00+05:30,226.89663696289065,226.89663696289065,0.0,0.0
3,2023-08-24 00:00:00+05:30,215.56427001953125,215.56427001953125,0.0,0.034608853593718056
4,2023-08-25 00:00:00+05:30,204.8309867603329,211.91995239257807,0.034608853593718056,-0.020138917145905558
5,2023-08-28 00:00:00+05:30,215.66413446940723,211.3208923339844,-0.020138917145905558,0.04724781615108805
6,2023-08-29 00:00:00+05:30,211.32087835952345,221.30532836914065,0.04724781615108805,0.034222208658854184
7,2023-08-30 00:00:00+05:30,224.65012651942823,232.3381500244141,0.034222208658854184,-0.030095476063462998
8,2023-08-31 00:00:00+05:30,240.5254088124768,233.28668212890625,-0.030095476063462998,0.039406792592194075
9,2023-09-01 00:00:00+05:30,235.63302220872245,244.91856384277344,0.039406792592194075,-0.0021653663455031154
10,2023-09-04 00:00:00+05:30,253.6050407646577,253.05589294433597,-0.0021653663455031154,-0.008935461723024715
11,2023-09-05 00:00:00+05:30,256.9997500524676,254.70333862304688,-0.008935461723024715,0.024301337174255012
12,2023-09-06 00:00:00+05:30,246.5160741480209,252.5067443847656,0.024301337174255012,-0.0007941719364066013
13,2023-09-07 00:00:00+05:30,251.4583834422806,251.25868225097656,-0.0007941719364066013,0.005158742268880124
14,2023-09-08 00:00:00+05:30,251.6081463499176,252.9061279296875,0.005158742268880124,-0.022847065509163877
15,2023-09-11 00:00:00+05:30,255.6518378913576,249.8109436035156,-0.022847065509163877,-0.025144693574225985
16,2023-09-12 00:00:00+05:30,250.1604000860139,243.8701934814453,-0.025144693574225985,-0.016380016584716883
17,2023-09-13 00:00:00+05:30,243.82027241542517,239.8264923095703,-0.016380016584716883,0.002479364064114092
18,2023-09-14 00:00:00+05:30,241.6237051886297,242.2227783203125,0.002479364064114092,-0.02046245089055499
19,2023-09-15 00:00:00+05:30,243.970054233001,238.9778289794922,-0.02046245089055499,-0.029583358764648383
20,2023-09-18 00:00:00+05:30,239.6268076162128,232.537841796875,-0.029583358764648383,-0.007775391152301629
21,2023-09-20 00:00:00+05:30,231.14002330602364,229.3428192138672,-0.007775391152301629,-0.009142319863416192
22,2023-09-21 00:00:00+05:30,229.34281916114884,227.24609375,-0.009142319863416192,0.00043920116317920735
23,2023-09-22 00:00:00+05:30,227.3459349233985,227.4457855224609,0.00043920116317920735,-0.0008699302024873232
24,2023-09-25 00:00:00+05:30,229.5425051718708,229.3428192138672,-0.0008699302024873232,-0.002380965592025051
25,2023-09-26 00:00:00+05:30,230.64080737236893,230.09165954589844,-0.002380965592025051,-0.01558444200656127
26,2023-09-27 00:00:00+05:30,230.64081031016408,227.04640197753903,-0.01558444200656127,-0.009868421052631473
27,2023-09-28 00:00:00+05:30,227.64547293526783,225.3989715576172,-0.009868421052631473,0.019387570894203794
28,2023-09-29 00:00:00+05:30,226.59709759846697,230.99026489257807,0.019387570894203794,-0.0010794472945234316
29,2023-10-03 00:00:00+05:30,231.2398761512755,230.99026489257807,-0.0010794472945234316,-0.02579664906001503
30,2023-10-04 00:00:00+05:30,230.291346236716,224.35060119628903,-0.02579664906001503,-0.00044338772849706557
31,2023-10-05 00:00:00+05:30,225.19927686535976,225.09942626953125,-0.00044338772849706557,-0.0046428822520747344
32,2023-10-06 00:00:00+05:30,225.79833984582905,224.7499847412109,-0.0046428822520747344,-0.01080598419324142
33,2023-10-09 00:00:00+05:30,221.75464510975576,219.35836791992188,-0.01080598419324142,-0.004070597604832487
34,2023-10-10 00:00:00+05:30,220.7561993781202,219.8575897216797,-0.004070597604832487,0.015096918412167055
35,2023-10-11 00:00:00+05:30,221.5549527109703,224.89974975585935,0.015096918412167055,-0.00793127594607676
36,2023-10-12 00:00:00+05:30,226.5971003718645,224.7998962402344,-0.00793127594607676,0.0011160714285711265
37,2023-10-13 00:00:00+05:30,223.65169488573025,223.90130615234372,0.0011160714285711265,-0.0006666395399306584
38,2023-10-16 00:00:00+05:30,224.65012686815825,224.5003662109375,-0.0006666395399306584,-0.04719826270794032
39,2023-10-17 00:00:00+05:30,231.63925392978527,220.70628356933597,-0.04719826270794032,-0.030724337019465326
40,2023-10-18 00:00:00+05:30,222.6033163644121,215.76397705078125,-0.030724337019465326,-0.008327494072614912
41,2023-10-19 00:00:00+05:30,215.81388193785995,214.0166931152344,-0.008327494072614912,-0.00764239899550681
42,2023-10-20 00:00:00+05:30,215.56428311917557,213.91685485839844,-0.00764239899550681,-0.03547260725094823
43,2023-10-23 00:00:00+05:30,213.91684736868768,206.3286590576172,-0.03547260725094823,0.01644097604598901
44,2023-10-25 00:00:00+05:30,206.4784314817299,209.8731384277344,0.01644097604598901,0.03350083801022458
45,2023-10-26 00:00:00+05:30,208.62508171010367,215.61419677734372,0.03350083801022458,0.018264840182648425
46,2023-10-27 00:00:00+05:30,218.65946385678689,222.6532440185547,0.018264840182648425,-0.02492207797411114
47,2023-10-30 00:00:00+05:30,224.3505907782413,218.75930786132807,-0.02492207797411114,-0.011045973464979712
48,2023-10-31 00:00:00+05:30,221.45511370122944,219.0089263916016,-0.011045973464979712,0.007872178616652627
49,2023-11-01 00:00:00+05:30,215.61420045679543,217.31155395507807,0.007872178616652627,-0.006857142857142746
50,2023-11-02 00:00:00+05:30,218.40985323397828,216.9121856689453,-0.006857142857142746,-0.0011402508551882587
51,2023-11-03 00:00:00+05:30,218.909080871164,218.6594696044922,-0.0011402508551882587,-0.015862225682371806
52,2023-11-06 00:00:00+05:30,220.3068897580438,216.8123321533203,-0.015862225682371806,-0.0036697387695311516
53,2023-11-07 00:00:00+05:30,217.661017987457,216.8622589111328,-0.0036697387695311516,-0.015847482758864793
54,2023-11-08 00:00:00+05:30,217.36148728051765,213.91685485839844,-0.015847482758864793,0.0016279353651890674
55,2023-11-09 00:00:00+05:30,214.66567487492892,215.01513671875,0.0016279353651890674,0.03232556720112651
56,2023-11-10 00:00:00+05:30,214.6656836738517,221.60487365722656,0.03232556720112651,0.003795517370388874
57,2023-11-13 00:00:00+05:30,223.6017551075648,224.450439453125,0.003795517370388874,-0.008401476664881547
58,2023-11-15 00:00:00+05:30,225.7983456845816,223.90130615234372,-0.008401476664881547,0.008440665681770853
59,2023-11-16 00:00:00+05:30,224.7499789979108,226.6470184326172,0.008440665681770853,-0.023646435816643715
60,2023-11-17 00:00:00+05:30,225.89819035522933,220.55650329589844,-0.023646435816643715,-0.025536695577330387
61,2023-11-20 00:00:00+05:30,220.905963592502,215.26475524902344,-0.025536695577330387,0.01380897583429223
62,2023-11-21 00:00:00+05:30,216.9121814082619,219.9075164794922,0.01380897583429223,0.008881789665848858
63,2023-11-22 00:00:00+05:30,219.20861381245672,221.15557861328125,0.008881789665848858,-0.003377617607261079
64,2023-11-23 00:00:00+05:30,221.70472060876136,220.9558868408203,-0.003377617607261079,0.022552999859387707
65,2023-11-24 00:00:00+05:30,221.35526318386,226.3474884033203,0.022552999859387707,-0.007893019196098368
66,2023-11-28 00:00:00+05:30,227.69539750272727,225.898193359375,-0.007893019196098368,-0.014603273469301887
67,2023-11-29 00:00:00+05:30,229.04328328909148,225.6985015869141,-0.014603273469301887,0.015262096446210795
68,2023-11-30 00:00:00+05:30,225.6985102687082,229.1431427001953,0.015262096446210795,-0.02380437103377977
69,2023-12-01 00:00:00+05:30,230.690727455561,225.19927978515625,-0.02380437103377977,0.002614405679806438
70,2023-12-04 00:00:00+05:30,229.1431296591196,229.74220275878903,0.002614405679806438,0.053214596708940465
71,2023-12-05 00:00:00+05:30,229.842046248978,242.072998046875,0.053214596708940465,0.005294249788641965
72,2023-12-06 00:00:00+05:30,245.1681744500952,246.46615600585935,0.005294249788641965,0.001608400322404204
73,2023-12-07 00:00:00+05:30,248.31327459225267,248.7126617431641,0.001608400322404204,-0.01867467428306986
74,2023-12-08 00:00:00+05:30,248.6128102511084,243.9700469970703,-0.01867467428306986,0.0018363474500636785
75,2023-12-11 00:00:00+05:30,244.66895839737165,245.1182556152344,0.0018363474500636785,-0.024918999510643202
76,2023-12-12 00:00:00+05:30,246.41623335182425,240.2757873535156,-0.024918999510643202,-0.009504144841974455
77,2023-12-13 00:00:00+05:30,241.62369712251828,239.3272705078125,-0.009504144841974455,-0.015060899786874292
78,2023-12-14 00:00:00+05:30,241.9731604245645,238.32882690429688,-0.015060899786874292,-0.009375000000000158
79,2023-12-15 00:00:00+05:30,239.62681141561515,237.38031005859372,-0.009375000000000158,0.001042535432937428
80,2023-12-18 00:00:00+05:30,239.4271160428412,239.67672729492188,0.001042535432937428,-0.009143857652625055
81,2023-12-19 00:00:00+05:30,240.22588820118708,238.029296875,-0.009143857652625055,-0.028870267349307262
82,2023-12-20 00:00:00+05:30,238.62837006553065,231.73910522460935,-0.028870267349307262,0.03456520412279205
83,2023-12-21 00:00:00+05:30,229.64235180682468,237.5799865722656,0.03456520412279205,-0.009414225941422692
84,2023-12-22 00:00:00+05:30,238.6283678258233,236.38186645507807,-0.009414225941422692,-0.009290527533318283
85,2023-12-26 00:00:00+05:30,236.4317902908473,234.23521423339844,-0.009290527533318283,-0.005313496280552754
86,2023-12-27 00:00:00+05:30,234.88419521364392,233.6361389160156,-0.005313496280552754,-0.0070212506233377865
87,2023-12-28 00:00:00+05:30,234.6345802927464,232.98715209960935,-0.0070212506233377865,-0.004059816018128934
88,2023-12-29 00:00:00+05:30,233.63614182129243,232.6876220703125,-0.004059816018128934,0.0038511303681049067
89,2024-01-01 00:00:00+05:30,233.33660454962688,234.23521423339844,0.0038511303681049067,0.0012766087308841182
90,2024-01-02 00:00:00+05:30,234.6345760005385,234.93411254882807,0.0012766087308841182,-0.0034006505919568705
91,2024-01-03 00:00:00+05:30,234.8841930300298,234.0854339599609,-0.0034006505919568705,0.01025538831990446
92,2024-01-04 00:00:00+05:30,238.52851365363577,240.97471618652344,0.01025538831990446,-0.004087472000604614
93,2024-01-05 00:00:00+05:30,244.2695784855106,243.2711334228516,-0.004087472000604614,-0.01821862348178136
94,2024-01-08 00:00:00+05:30,246.6159275330219,242.1229248046875,-0.01821862348178136,-0.004112687744609663
95,2024-01-09 00:00:00+05:30,242.77189776747295,241.77345275878903,-0.004112687744609663,-0.002697070109893714
96,2024-01-10 00:00:00+05:30,240.62525576802528,239.9762725830078,-0.002697070109893714,0.034979423868312605
97,2024-01-11 00:00:00+05:30,242.622149488324,251.1089324951172,0.034979423868312605,0.00078430175781249
98,2024-01-12 00:00:00+05:30,254.60349091441344,254.8031768798828,0.00078430175781249,0.03410847981770844
99,2024-01-15 00:00:00+05:30,257.59882742949327,266.3851318359375,0.03410847981770844,-0.004798129459199516
100,2024-01-16 00:00:00+05:30,249.7111162337941,248.51296997070312,-0.004798129459199516,-0.019797955137310627
101,2024-01-17 00:00:00+05:30,247.11515303382583,242.2227783203125,-0.019797955137310627,0.00020305807820410757
102,2024-01-19 00:00:00+05:30,245.8670821490942,245.91700744628903,0.00020305807820410757,-0.025141979130481773
103,2024-01-23 00:00:00+05:30,246.21655558410595,240.02618408203125,-0.025141979130481773,-0.00291247010299537
104,2024-01-24 00:00:00+05:30,239.97626745438933,239.27734375,-0.00291247010299537,-0.0031165593975565433
105,2024-01-25 00:00:00+05:30,240.2757960705224,239.52696228027344,-0.0031165593975565433,0.044093204545088104
106,2024-01-29 00:00:00+05:30,240.02618693658687,250.60971069335935,0.044093204545088104,-0.022485195062099266
107,2024-01-30 00:00:00+05:30,253.10582188682992,247.4146881103516,-0.022485195062099266,0.0014115995475838512
108,2024-01-31 00:00:00+05:30,247.5644480492452,247.91390991210935,0.0014115995475838512,0.001985702914774162
109,2024-02-01 00:00:00+05:30,251.40846181075537,251.90768432617188,0.001985702914774162,0.0031626924744398836
110,2024-02-02 00:00:00+05:30,252.55666391330456,253.3554229736328,0.0031626924744398836,0.12910151481628396
111,2024-02-05 00:00:00+05:30,255.6019287152421,288.6005249023437,0.12910151481628396,-0.055061918935021124
112,2024-02-06 00:00:00+05:30,286.503812749285,270.7283630371094,-0.055061918935021124,-0.01738016908949968
113,2024-02-07 00:00:00+05:30,272.8750299320049,268.1324157714844,-0.01738016908949968,-0.026481458875867968
114,2024-02-08 00:00:00+05:30,269.5801601032106,262.4412841796875,-0.026481458875867968,0.031569021185313906
115,2024-02-09 00:00:00+05:30,264.0886984971841,272.4257202148437,0.031569021185313906,-0.020422895431540942
116,2024-02-12 00:00:00+05:30,276.21982181836535,270.57861328125,-0.020422895431540942,0.005160429329362517
117,2024-02-13 00:00:00+05:30,270.87812304812417,272.2759704589844,0.005160429329362517,0.010171999030571591
118,2024-02-14 00:00:00+05:30,269.92963006852665,272.67535400390625,0.010171999030571591,-0.0036363636363637235
119,2024-02-15 00:00:00+05:30,274.5723891432268,273.5739440917969,-0.0036363636363637235,-0.013243809200473754
120,2024-02-16 00:00:00+05:30,275.17144828546384,271.5271301269531,-0.013243809200473754,-0.0001825818883668534
121,2024-02-19 00:00:00+05:30,273.5240311102857,273.4740905761719,-0.0001825818883668534,0.024372544037066127
122,2024-02-20 00:00:00+05:30,274.4725456858833,281.1621398925781,0.024372544037066127,0.01951483273437397
123,2024-02-21 00:00:00+05:30,283.95775736912606,289.4991455078125,0.01951483273437397,0.03802012372606485
124,2024-02-22 00:00:00+05:30,291.4960499831231,302.5787658691406,0.03802012372606485,0.0911764506421055
125,2024-02-23 00:00:00+05:30,305.5241873517935,333.3807983398437,0.0911764506421055,-0.03772755687975596
126,2024-02-26 00:00:00+05:30,340.0703810910452,327.2403564453125,-0.03772755687975596,-0.03500535803374874
127,2024-02-27 00:00:00+05:30,329.43696617714545,317.9049072265625,-0.03500535803374874,-0.05064649725276038
128,2024-02-28 00:00:00+05:30,324.2949476066373,307.8705444335937,-0.05064649725276038,-0.006406149653427146
129,2024-02-29 00:00:00+05:30,311.7145413683425,309.7176513671875,-0.006406149653427146,0.009047638423859158
130,2024-03-01 00:00:00+05:30,314.51019936134395,317.35577392578125,0.009047638423859158,-0.024788337339918736
131,2024-03-04 00:00:00+05:30,330.2856200399495,322.098388671875,-0.024788337339918736,-0.008478495292897707
132,2024-03-05 00:00:00+05:30,323.845638270483,321.09991455078125,-0.008478495292897707,0.01099757882526216
133,2024-03-06 00:00:00+05:30,322.2980312925088,325.842529296875,0.01099757882526216,0.013663275896784538
134,2024-03-07 00:00:00+05:30,328.8378690518649,333.33087158203125,0.013663275896784538,0.055637982195845745
135,2024-03-11 00:00:00+05:30,336.47596415816605,355.1968078613281,0.055637982195845745,0.005279960717682479
136,2024-03-12 00:00:00+05:30,359.2904604824148,361.1875,0.005279960717682479,-0.10106818208603999
137,2024-03-13 00:00:00+05:30,364.5322817791407,327.6896667480469,-0.10106818208603999,0.0315452786070665
138,2024-03-14 00:00:00+05:30,327.5898242960081,337.9237365722656,0.0315452786070665,0.010850475680443462
139,2024-03-15 00:00:00+05:30,340.4697428006583,344.1640014648437,0.010850475680443462,0.015994201132474715
140,2024-03-18 00:00:00+05:30,346.4604124976044,352.00177001953125,0.015994201132474715,-0.0016954114548279424
141,2024-03-19 00:00:00+05:30,353.3496834524476,352.7506103515625,-0.0016954114548279424,-0.04145962333257169
142,2024-03-20 00:00:00+05:30,351.602419856884,337.0251159667969,-0.04145962333257169,-0.016545753866563862
143,2024-03-21 00:00:00+05:30,343.9643116817654,338.2731628417969,-0.016545753866563862,0.018775799398996786
144,2024-03-22 00:00:00+05:30,337.67411965846605,344.01422119140625,0.018775799398996786,0.00014436907716613312
145,2024-03-26 00:00:00+05:30,345.71159506300825,345.7615051269531,0.00014436907716613312,0.007040264962733429
146,2024-03-27 00:00:00+05:30,347.4588573947455,349.9050598144531,0.007040264962733429,-0.0032399616129374456
147,2024-03-28 00:00:00+05:30,354.39808359866765,353.2498474121094,-0.0032399616129374456,-0.00042015097054444114
148,2024-04-01 00:00:00+05:30,356.4448656367116,356.29510498046875,-0.00042015097054444114,-0.005568703978807428
149,2024-04-02 00:00:00+05:30,358.5915250621458,356.5946350097656,-0.005568703978807428,0.0018232647867724005
150,2024-04-03 00:00:00+05:30,355.9456518367669,356.5946350097656,0.0018232647867724005,0.005146053139125514
151,2024-04-04 00:00:00+05:30,358.9409870618477,360.7881164550781,0.005146053139125514,0.03209289028684097
152,2024-04-05 00:00:00+05:30,360.88797158989377,372.4699096679688,0.03209289028684097,-0.018735019988487093
153,2024-04-08 00:00:00+05:30,375.7148678441889,368.67584228515625,-0.018735019988487093,-0.009296718270785568
154,2024-04-09 00:00:00+05:30,370.5229556368837,367.0783081054688,-0.009296718270785568,-0.0017523234739770203
155,2024-04-10 00:00:00+05:30,370.37319577399296,369.7241821289063,-0.0017523234739770203,0.005128880642126855
156,2024-04-12 00:00:00+05:30,369.8739870789725,371.7710266113281,0.005128880642126855,-0.02234484442349135
157,2024-04-15 00:00:00+05:30,361.9363181919127,353.8489074707031,-0.02234484442349135,-0.008630120264340683
158,2024-04-16 00:00:00+05:30,364.4324493820201,361.287353515625,-0.008630120264340683,0.022576736422112095
159,2024-04-18 00:00:00+05:30,369.2749160300544,377.6119384765625,0.022576736422112095,-0.02348903151187655
160,2024-04-19 00:00:00+05:30,378.3108065560888,369.4246520996094,-0.02348903151187655,0.013102203194733578
161,2024-04-22 00:00:00+05:30,377.2125309631277,382.1548461914063,0.013102203194733578,0.00025784736867835
162,2024-04-23 00:00:00+05:30,387.2469206407184,387.3467712402344,0.00025784736867835,-0.022023063005161672
163,2024-04-24 00:00:00+05:30,389.8927857291204,381.30615234375,-0.022023063005161672,-0.0006535093660368568
164,2024-04-25 00:00:00+05:30,381.9551471547435,381.7055358886719,-0.0006535093660368568,-0.007926163954583385
165,2024-04-26 00:00:00+05:30,384.2016478402939,381.1564025878906,-0.007926163954583385,-0.009246042968303572
166,2024-04-29 00:00:00+05:30,383.3529697096497,379.8084716796875,-0.009246042968303572,-0.011265439279615637
167,2024-04-30 00:00:00+05:30,381.1064726963701,376.8131408691406,-0.011265439279615637,0.005961844293556414
168,2024-05-02 00:00:00+05:30,376.8131604747212,379.0596618652344,0.005961844293556414,-0.011048222430319886
169,2024-05-03 00:00:00+05:30,379.5588682826561,375.3654174804688,-0.011048222430319886,-0.02166155581528596
170,2024-05-06 00:00:00+05:30,377.9613707324396,369.7741394042969,-0.02166155581528596,-0.03832661864245956
171,2024-05-07 00:00:00+05:30,369.9238723441869,355.7459411621094,-0.03832661864245956,-0.0007032348804499571
172,2024-05-08 00:00:00+05:30,354.9472125789634,354.6976013183594,-0.0007032348804499571,-0.032493014295561944
173,2024-05-09 00:00:00+05:30,356.4448837420736,344.8629150390625,-0.032493014295561944,0.005780346820809218
174,2024-05-10 00:00:00+05:30,345.4619722914422,347.4588623046875,0.005780346820809218,-0.018965534780217275
175,2024-05-13 00:00:00+05:30,347.4588841775651,340.869140625,-0.018965534780217275,0.02635023284702474
176,2024-05-14 00:00:00+05:30,342.9159584277646,351.9518737792969,0.02635023284702474,-0.0014110342638288115
177,2024-05-15 00:00:00+05:30,353.798996676741,353.2997741699219,-0.0014110342638288115,-0.005185721383365527
178,2024-05-16 00:00:00+05:30,356.1952739801828,354.34814453125,-0.005185721383365527,0.0009809588438626277
179,2024-05-17 00:00:00+05:30,356.2451731565743,356.5946350097656,0.0009809588438626277,-0.012286063106170425
180,2024-05-21 00:00:00+05:30,361.6368183577961,357.1937255859375,-0.012286063106170425,-0.003900791084683481
181,2024-05-22 00:00:00+05:30,358.3419087196772,356.944091796875,-0.003900791084683481,0.02780109633058326
182,2024-05-23 00:00:00+05:30,357.34347477149123,367.2780151367188,0.02780109633058326,-0.00733591028121957
183,2024-05-24 00:00:00+05:30,367.4776741168128,364.7818908691406,-0.00733591028121957,-0.022662520903442868
184,2024-05-27 00:00:00+05:30,367.87709186435177,359.5400695800781,-0.022662520903442868,-0.01149582796810061
185,2024-05-28 00:00:00+05:30,360.4386456438456,356.29510498046875,-0.01149582796810061,-0.01508106019313775
186,2024-05-29 00:00:00+05:30,354.19837648927137,348.856689453125,-0.01508106019313775,0.0010072688837004346
187,2024-05-30 00:00:00+05:30,346.90975438996645,347.2591857910156,0.0010072688837004346,-0.0297225466903024
188,2024-05-31 00:00:00+05:30,354.398085065871,343.8644714355469,-0.0297225466903024,-0.021703279935396627
189,2024-06-03 00:00:00+05:30,363.43400511711474,355.5462951660156,-0.021703279935396627,-0.07542720792699048
190,2024-06-04 00:00:00+05:30,359.3903087670183,332.2825012207031,-0.07542720792699048,0.02040814484449261
191,2024-06-05 00:00:00+05:30,337.5742669582826,344.4635314941406,0.02040814484449261,-0.007246342248357244
192,2024-06-06 00:00:00+05:30,351.35281596731386,348.8067932128906,-0.007246342248357244,0.008999982561383962
193,2024-06-07 00:00:00+05:30,349.4557648064698,352.6008605957031,0.008999982561383962,-0.017939716598414576
194,2024-06-10 00:00:00+05:30,356.1952791785628,349.80523681640625,-0.017939716598414576,-0.0034144605643785003
195,2024-06-11 00:00:00+05:30,350.90352956438005,349.70538330078125,-0.0034144605643785003,0.02412031823841864
196,2024-06-12 00:00:00+05:30,351.8520233756906,360.33880615234375,0.02412031823841864,-0.011506882758989714
197,2024-06-13 00:00:00+05:30,364.4324339274957,360.23895263671875,-0.011506882758989714,-0.013674066870252105
198,2024-06-14 00:00:00+05:30,361.4370965213635,356.4947814941406,-0.013674066870252105,0.014104227014991312
199,2024-06-18 00:00:00+05:30,357.49323465275893,362.535400390625,0.014104227014991312,-0.014578429297010344
200,2024-06-19 00:00:00+05:30,362.9846786018006,357.69293212890625,-0.014578429297010344,0.016596965709989493
201,2024-06-20 00:00:00+05:30,357.9425407069896,363.88330078125,0.016596965709989493,-0.014484798801248772
202,2024-06-21 00:00:00+05:30,365.3310224795172,360.0392761230469,-0.014484798801248772,-0.0036455925078406693
203,2024-06-24 00:00:00+05:30,356.0454943452291,354.7474975585937,-0.0036455925078406693,0.008004511167608275
204,2024-06-25 00:00:00+05:30,355.49634448583174,358.3419189453125,0.008004511167608275,-0.007520925367775047
205,2024-06-26 00:00:00+05:30,358.4417548490232,355.7459411621094,-0.007520925367775047,-0.007998809103506163
206,2024-06-27 00:00:00+05:30,355.7459652076164,352.9004211425781,-0.007998809103506163,0.0030812495896796826
207,2024-06-28 00:00:00+05:30,356.44488671212173,357.5431823730469,0.0030812495896796826,-0.01452111733706053
208,2024-07-01 00:00:00+05:30,357.5431838499704,352.35125732421875,-0.01452111733706053,0.0002849988750500221
209,2024-07-02 00:00:00+05:30,350.3543425217468,350.4541931152344,0.0002849988750500221,-0.003828718321460477
210,2024-07-03 00:00:00+05:30,352.05173382770494,350.7038269042969,-0.003828718321460477,-0.003267028115012424
211,2024-07-04 00:00:00+05:30,351.4526490449003,350.304443359375,-0.003267028115012424,0.004702846993816459
212,2024-07-05 00:00:00+05:30,350.304445570525,351.9518737792969,0.004702846993816459,-0.012053317998957428
213,2024-07-08 00:00:00+05:30,352.0517103082187,347.8083190917969,-0.012053317998957428,0.00444896193370027
214,2024-07-09 00:00:00+05:30,347.8582451803532,349.4058532714844,0.00444896193370027,-0.006000017438616107
215,2024-07-10 00:00:00+05:30,349.45574937936334,347.3590087890625,-0.006000017438616107,-0.0030077865717238897
216,2024-07-11 00:00:00+05:30,348.557174651896,347.5087890625,-0.0030077865717238897,-0.009051002121168161
217,2024-07-12 00:00:00+05:30,353.0002427624218,349.80523681640625,-0.009051002121168161,0.0021156558533145077
218,2024-07-15 00:00:00+05:30,353.9487675365472,354.6976013183594,0.0021156558533145077,-0.01797172446826469
219,2024-07-16 00:00:00+05:30,350.00488247245164,343.7146911621094,-0.01797172446826469,-0.024344281100292107
220,2024-07-18 00:00:00+05:30,344.51345835185765,336.12652587890625,-0.024344281100292107,0.0037042523478503656
221,2024-07-19 00:00:00+05:30,336.92528357103185,338.17333984375,0.0037042523478503656,0.0060471616311762585
222,2024-07-22 00:00:00+05:30,338.4728532688305,340.5196533203125,0.0060471616311762585,-0.02132940187865224
223,2024-07-23 00:00:00+05:30,341.717805095137,334.4291687011719,-0.02132940187865224,-0.0005970513642723577
224,2024-07-24 00:00:00+05:30,334.47908962451527,334.2793884277344,-0.0005970513642723577,-0.010067636674727501
225,2024-07-25 00:00:00+05:30,332.2325838105449,328.8877868652344,-0.010067636674727501,0.007436580964257251
226,2024-07-26 00:00:00+05:30,328.9377390045058,331.3839111328125,0.007436580964257251,-0.011525148111436373
227,2024-07-29 00:00:00+05:30,333.5305428612417,329.6865539550781,-0.011525148111436373,-0.004683542086039402
228,2024-07-30 00:00:00+05:30,330.43539494417246,328.8877868652344,-0.004683542086039402,-0.0024286211529807923
229,2024-07-31 00:00:00+05:30,328.88779414679084,328.08905029296875,-0.0024286211529807923,0.00030429364178578095
230,2024-08-01 00:00:00+05:30,328.13894945288735,328.2388000488281,0.00030429364178578095,0.0033820326011240755
231,2024-08-02 00:00:00+05:30,324.74423371143587,325.842529296875,0.0033820326011240755,0.020769642442656295
232,2024-08-05 00:00:00+05:30,310.06709733328046,316.507080078125,0.020769642442656295,-0.017192467530067063
233,2024-08-06 00:00:00+05:30,316.50708961912534,311.0655517578125,-0.017192467530067063,0.04477846169773536
234,2024-08-07 00:00:00+05:30,315.50863583234235,329.6366271972656,0.04477846169773536,-0.011805641968907061
235,2024-08-08 00:00:00+05:30,329.8363122229488,325.9423828125,-0.011805641968907061,-0.014974986756173899
236,2024-08-09 00:00:00+05:30,330.03600427550816,325.0937194824219,-0.014974986756173899,0.015270745951678306
237,2024-08-12 00:00:00+05:30,323.64594187920846,328.5882568359375,0.015270745951678306,-0.020003048520496447
238,2024-08-13 00:00:00+05:30,329.4369416138744,322.8471984863281,-0.020003048520496447,-0.01825157118721241
239,2024-08-14 00:00:00+05:30,325.4930670124277,319.55230712890625,-0.01825157118721241,0.012037018199025832
240,2024-08-16 00:00:00+05:30,323.496176833314,327.3901062011719,0.012037018199025832,-0.0024074264891853553
241,2024-08-19 00:00:00+05:30,331.7832714241858,330.9845275878906,-0.0024074264891853553,0.0015021781307839014
242,2024-08-20 00:00:00+05:30,332.3324425117713,332.8316650390625,0.0015021781307839014,-0.014583315168108202
243,2024-08-21 00:00:00+05:30,335.4775184259898,330.58514404296875,-0.014583315168108202,-0.00722889727856733
244,2024-08-22 00:00:00+05:30,331.48375591752585,329.0874938964844,-0.00722889727856733,-0.007432069573228844
245,2024-08-23 00:00:00+05:30,329.13739516454547,326.69122314453125,-0.007432069573228844,-0.030012003702408547
246,2024-08-26 00:00:00+05:30,332.68189911853864,322.69744873046875,-0.030012003702408547,-0.014220164821053153
247,2024-08-28 00:00:00+05:30,326.49151808262326,321.8487548828125,-0.014220164821053153,0.004936766656538054
248,2024-08-29 00:00:00+05:30,323.596054784599,325.1935729980469,0.004936766656538054,-0.019503257703863606
249,2024-08-30 00:00:00+05:30,327.63973704992964,321.24969482421875,-0.019503257703863606,0.06291439906394576
250,2024-09-02 00:00:00+05:30,323.7458021173435,344.11407470703125,0.06291439906394576,0.0007138777592395201
251,2024-09-03 00:00:00+05:30,349.6554485663247,349.9050598144531,0.0007138777592395201,0.006376846976902155
252,2024-09-04 00:00:00+05:30,344.4635344838952,346.6601257324219,0.006376846976902155,-0.010316681408739294
253,2024-09-05 00:00:00+05:30,348.4073963902566,344.81298828125,-0.010316681408739294,-0.02446796599881465
254,2024-09-06 00:00:00+05:30,344.8130019582544,336.3761291503906,-0.02446796599881465,0.01231452194802479
255,2024-09-09 00:00:00+05:30,336.47596616560827,340.6195068359375,0.01231452194802479,0.022859657085148335
256,2024-09-10 00:00:00+05:30,342.866027098674,350.7038269042969,0.022859657085148335,-0.022013919240802718
257,2024-09-11 00:00:00+05:30,351.502567043758,343.7646179199219,-0.022013919240802718,0.008510059884530735
258,2024-09-12 00:00:00+05:30,346.11097139114327,349.056396484375,0.008510059884530735,0.003850559269861969
259,2024-09-13 00:00:00+05:30,350.05483359406,351.4027404785156,0.003850559269861969,-0.008806835521351237
260,2024-09-16 00:00:00+05:30,351.4526379687136,348.3574523925781,-0.008806835521351237,0.008170889344202762
261,2024-09-17 00:00:00+05:30,348.2576055732248,351.1031799316406,0.008170889344202762,-0.009992862241256258
262,2024-09-18 00:00:00+05:30,349.7053730475791,346.2108154296875,-0.009992862241256258,-0.008022887658936342
263,2024-09-19 00:00:00+05:30,348.45731602934416,345.66168212890625,-0.008022887658936342,0.018103413198186057
264,2024-09-20 00:00:00+05:30,347.45886259612865,353.7490539550781,0.018103413198186057,-0.0007056167333150412
265,2024-09-23 00:00:00+05:30,353.7490619410938,353.4994506835937,-0.0007056167333150412,-0.006207623384146186
266,2024-09-24 00:00:00+05:30,353.84890448392895,351.65234375,-0.006207623384146186,0.003416404859875324
267,2024-09-25 00:00:00+05:30,350.70383126555,351.9019775390625,0.003416404859875324,-0.007799205764031373
268,2024-09-26 00:00:00+05:30,352.05172358770176,349.3059997558594,-0.007799205764031373,0.025142822265625066
269,2024-09-27 00:00:00+05:30,349.45576133279826,358.2420654296875,0.025142822265625066,-0.01998042133445179
270,2024-09-30 00:00:00+05:30,357.2935696655231,350.1546936035156,-0.01998042133445179,-0.0031250173395330413
271,2024-10-01 00:00:00+05:30,351.452665791812,350.3543701171875,-0.0031250173395330413,0.004652533096575851
272,2024-10-03 00:00:00+05:30,343.36525036315885,344.9627685546875,0.004652533096575851,-0.01669085631349777
273,2024-10-04 00:00:00+05:30,343.9643257394488,338.2232666015625,-0.01669085631349777,-0.03113285668200817
274,2024-10-07 00:00:00+05:30,346.36058709649643,335.577392578125,-0.03113285668200817,0.031194066289645404
275,2024-10-08 00:00:00+05:30,334.47907922696936,344.912841796875,0.031194066289645404,-0.019321596914470652
276,2024-10-09 00:00:00+05:30,348.80676444585094,342.0672607421875,-0.019321596914470652,-0.0037675346731174037
277,2024-10-10 00:00:00+05:30,344.51345099110495,343.2154846191406,-0.0037675346731174037,-0.005676891432405399
278,2024-10-11 00:00:00+05:30,342.9658703920957,341.0188903808594,-0.005676891432405399,-0.009037918669141847
279,2024-10-14 00:00:00+05:30,342.4666456512271,339.3714599609375,-0.009037918669141847,-0.013760743251151893
280,2024-10-15 00:00:00+05:30,341.0188755832761,336.3262023925781,-0.013760743251151893,-0.010668264848978365
281,2024-10-16 00:00:00+05:30,336.925279700189,333.33087158203125,-0.010668264848978365,-0.015695067264573943
282,2024-10-17 00:00:00+05:30,333.9798736919846,328.738037109375,-0.015695067264573943,-0.0009068106544118317
283,2024-10-18 00:00:00+05:30,330.3355320045619,330.0359802246094,-0.0009068106544118317,-0.02139444689676812
284,2024-10-21 00:00:00+05:30,333.68034938653904,326.5414428710937,-0.02139444689676812,-0.04263742877953952
285,2024-10-22 00:00:00+05:30,327.8394366875785,313.8612060546875,-0.04263742877953952,-0.0006347617749617067
286,2024-10-23 00:00:00+05:30,314.56008331447305,314.36041259765625,-0.0006347617749617067,0.003970144436297046
287,2024-10-24 00:00:00+05:30,314.3604336635332,315.6084899902344,0.003970144436297046,-0.02076126527282905
288,2024-10-25 00:00:00+05:30,317.4056610979012,310.81591796875,-0.02076126527282905,0.00859739631262522
289,2024-10-28 00:00:00+05:30,313.5616629220539,316.2574768066406,0.00859739631262522,0.02482323298188329
290,2024-10-29 00:00:00+05:30,317.75514284126285,325.6428527832031,0.02482323298188329,0.008762379651101508
291,2024-10-31 00:00:00+05:30,319.05309057434283,321.8487548828125,0.008762379651101508,0.001995989278878961
292,2024-11-01 00:00:00+05:30,325.1436193607226,325.7926025390625,0.001995989278878961,-0.021865424759891013
293,2024-11-04 00:00:00+05:30,326.49153727585895,319.3526611328125,-0.021865424759891013,0.0058641786928530235
294,2024-11-06 00:00:00+05:30,323.49617959056627,325.3932189941406,0.0058641786928530235,-0.0172782687965883
295,2024-11-07 00:00:00+05:30,326.4915195132534,320.8503112792969,-0.0172782687965883,-0.02887419520489192
296,2024-11-08 00:00:00+05:30,325.04376330218884,315.65838623046875,-0.02887419520489192,-0.007472197467458224
297,2024-11-11 00:00:00+05:30,314.01096374445166,311.66461181640625,-0.007472197467458224,-0.0057674408053354775
298,2024-11-12 00:00:00+05:30,311.6146936650201,309.8174743652344,-0.0057674408053354775,-0.032789514769009875
299,2024-11-13 00:00:00+05:30,309.06865962148424,298.9344482421875,-0.032789514769009875,0.05324956434101573
300,2024-11-14 00:00:00+05:30,301.87986280659806,317.954833984375,0.05324956434101573,-0.004838515002387852
301,2024-11-18 00:00:00+05:30,319.8518683173013,318.30426025390625,-0.004838515002387852,-0.0007824726134584749
302,2024-11-19 00:00:00+05:30,319.0031818100131,318.7535705566406,-0.0007824726134584749,-0.010396937165805246
303,2024-11-21 00:00:00+05:30,316.90645932827704,313.6116027832031,-0.010396937165805246,-0.002542468801801184
304,2024-11-22 00:00:00+05:30,314.16071280519947,313.3619689941406,-0.002542468801801184,0.014442719320300104
305,2024-11-25 00:00:00+05:30,318.00474198384654,322.5975952148437,0.014442719320300104,0.01273689400824932
306,2024-11-26 00:00:00+05:30,321.3994418841764,325.4930725097656,0.01273689400824932,0.009049117199482417
307,2024-11-27 00:00:00+05:30,325.4930820331395,328.4385070800781,0.009049117199482417,-0.006562862809608775
308,2024-11-28 00:00:00+05:30,327.0905898766589,324.9439392089844,-0.006562862809608775,0.007828051551707462
309,2024-11-29 00:00:00+05:30,325.24346711863296,327.7894897460937,0.007828051551707462,0.010108707825306748
310,2024-12-02 00:00:00+05:30,325.94238729133264,329.2372436523437,0.010108707825306748,0.027794598812783178
311,2024-12-03 00:00:00+05:30,330.4853137972998,339.6710205078125,0.027794598812783178,0.009210508469252542
312,2024-12-04 00:00:00+05:30,341.4682158732966,344.6133117675781,0.009210508469252542,-0.014001172600958511
313,2024-12-05 00:00:00+05:30,345.8613549069124,341.0188903808594,-0.014001172600958511,-0.01123597306900498
314,2024-12-06 00:00:00+05:30,342.1171822884336,338.2731628417969,-0.01123597306900498,-0.006195621855393037
315,2024-12-09 00:00:00+05:30,338.422942974437,336.3262023925781,-0.006195621855393037,-0.005492076799746664
316,2024-12-10 00:00:00+05:30,336.3262249159919,334.4790954589844,-0.005492076799746664,0.025560501623224863
317,2024-12-11 00:00:00+05:30,333.97987783538605,342.5165710449219,0.025560501623224863,-0.01442101152813207
318,2024-12-12 00:00:00+05:30,342.716271602486,337.7739562988281,-0.01442101152813207,0.0071154002399063734
319,2024-12-13 00:00:00+05:30,336.7754910375425,339.1717834472656,0.0071154002399063734,0.000882317038143447
320,2024-12-16 00:00:00+05:30,339.47132217434387,339.7708435058594,0.000882317038143447,-0.007801072472283125
321,2024-12-17 00:00:00+05:30,339.1717825625741,336.52587890625,-0.007801072472283125,-0.03594239216661397
322,2024-12-18 00:00:00+05:30,336.1265094227844,324.0453186035156,-0.03594239216661397,-0.0180307309816584
323,2024-12-19 00:00:00+05:30,318.4041143492056,312.6630554199219,-0.0180307309816584,-0.03547675569833822
324,2024-12-20 00:00:00+05:30,315.2091165988573,304.0265197753906,-0.03547675569833822,-0.013594471730322466
325,2024-12-23 00:00:00+05:30,308.46960436305227,304.276123046875,-0.013594471730322466,-0.0008196721311474449
326,2024-12-24 00:00:00+05:30,304.5257343045016,304.276123046875,-0.0008196721311474449,0.001639881961328416
327,2024-12-26 00:00:00+05:30,304.4258873420676,304.92510986328125,0.001639881961328416,-0.004569916332925846
328,2024-12-27 00:00:00+05:30,305.8736470536069,304.475830078125,-0.004569916332925846,0.003771089852272478
329,2024-12-30 00:00:00+05:30,304.475817770842,305.6240234375,0.003771089852272478,-0.016784617413429126
330,2024-12-31 00:00:00+05:30,303.3775373215518,298.28546142578125,-0.016784617413429126,0.01805414171277375
331,2025-01-01 00:00:00+05:30,298.63492256305403,304.0265197753906,0.01805414171277375,-0.004569916332925846
332,2025-01-02 00:00:00+05:30,305.8736470536069,304.475830078125,-0.004569916332925846,0.001140085027738189
333,2025-01-03 00:00:00+05:30,306.52263895873847,306.8721008300781,0.001140085027738189,-0.03135719841549815
334,2025-01-06 00:00:00+05:30,305.67394575498736,296.0888671875,-0.03135719841549815,0.007406201977576099
335,2025-01-07 00:00:00+05:30,296.58807676806487,298.78466796875,0.007406201977576099,-0.007313769211212027
336,2025-01-08 00:00:00+05:30,300.3322418559641,298.1356811523437,-0.007313769211212027,-0.03422370617696181
337,2025-01-09 00:00:00+05:30,299.034293739365,288.8002319335937,-0.03422370617696181,-0.03090473763260943
338,2025-01-10 00:00:00+05:30,289.1496877662642,280.2135925292969,-0.03090473763260943,-0.039855681850203044
339,2025-01-13 00:00:00+05:30,276.8188768637561,265.7860717773437,-0.039855681850203044,0.02266337335199938
340,2025-01-14 00:00:00+05:30,266.5349200830928,272.57550048828125,0.02266337335199938,-0.014822870618380314
341,2025-01-15 00:00:00+05:30,276.1698940357176,272.0762634277344,-0.014822870618380314,-0.0019833675340057088
342,2025-01-16 00:00:00+05:30,276.86880422834486,276.3196716308594,-0.0019833675340057088,-0.00232400566926459
343,2025-01-17 00:00:00+05:30,279.2651025487385,278.6160888671875,-0.00232400566926459,-0.009339102588063877
344,2025-01-20 00:00:00+05:30,277.96708741303377,275.3711242675781,-0.009339102588063877,-0.061677208669127626
345,2025-01-21 00:00:00+05:30,276.81890048735454,259.7454833984375,-0.061677208669127626,0.0024790002525672474
346,2025-01-22 00:00:00+05:30,261.79230099938985,262.4412841796875,0.0024790002525672474,-0.03231299362556326
347,2025-01-23 00:00:00+05:30,264.18856358089715,255.6518402099609,-0.03231299362556326,-0.045898437500000056
348,2025-01-24 00:00:00+05:30,255.60192233879224,243.8701934814453,-0.045898437500000056,-0.043451489966509695
349,2025-01-27 00:00:00+05:30,243.57066019730885,232.98715209960935,-0.043451489966509695,-0.01623099027934095
350,2025-01-28 00:00:00+05:30,236.83115629528317,232.98715209960935,-0.01623099027934095,0.010390148076904245
351,2025-01-29 00:00:00+05:30,235.4333445482544,237.8795318603516,0.010390148076904245,-0.027754751937215084
352,2025-01-30 00:00:00+05:30,241.0246313439443,234.3350524902344,-0.027754751937215084,0.017241340589193275
353,2025-01-31 00:00:00+05:30,237.43023395747207,241.5238494873047,0.017241340589193275,-0.010860630723296594
354,2025-02-01 00:00:00+05:30,243.62058944507828,240.97471618652344,-0.010860630723296594,-0.026200886386843394
355,2025-02-03 00:00:00+05:30,240.07611083484304,233.7859039306641,-0.026200886386843394,0.036590564207295
356,2025-02-04 00:00:00+05:30,236.0324018175808,244.66896057128903,0.036590564207295,0.010517824173193783
357,2025-02-05 00:00:00+05:30,246.81561210605216,249.4115753173828,0.010517824173193783,-0.005951200086642854
358,2025-02-06 00:00:00+05:30,251.65806790615247,250.160400390625,-0.005951200086642854,-0.0024004434969078607
359,2025-02-07 00:00:00+05:30,249.5613381647146,248.9622802734375,-0.0024004434969078607,-0.027427451865928452
360,2025-02-10 00:00:00+05:30,249.3616476797657,242.5222930908203,-0.027427451865928452,-0.02681518219334527
361,2025-02-11 00:00:00+05:30,242.0230651956347,235.53317260742188,-0.02681518219334527,-0.026287642559127564
362,2025-02-12 00:00:00+05:30,233.58621648824283,227.4457855224609,-0.026287642559127564,-0.0030607650091074774
363,2025-02-13 00:00:00+05:30,228.34437049537172,227.6454620361328,-0.0030607650091074774,-0.04057843360308875
364,2025-02-14 00:00:00+05:30,231.2897806955508,221.90440368652344,-0.04057843360308875,-0.0006738955577731222
365,2025-02-17 00:00:00+05:30,222.2538713555888,222.1040954589844,-0.0006738955577731222,-0.012734611548939548
366,2025-02-18 00:00:00+05:30,223.45200453124824,220.6064300537109,-0.012734611548939548,0.03480224609375009
367,2025-02-19 00:00:00+05:30,220.9059702020738,228.593994140625,0.03480224609375009,0.030887198474294615
368,2025-02-20 00:00:00+05:30,227.89507222179964,234.93411254882807,0.030887198474294615,-0.008695665118802987
369,2025-02-21 00:00:00+05:30,235.38342431911488,233.33660888671875,-0.008695665118802987,-0.01125543767755672
370,2025-02-24 00:00:00+05:30,230.64080883075047,228.0448455810547,-0.01125543767755672,-0.012224418312385254
371,2025-02-25 00:00:00+05:30,228.69384255624936,225.898193359375,-0.012224418312385254,-0.03420481962316168
372,2025-02-27 00:00:00+05:30,229.1431277207148,221.30532836914065,-0.03420481962316168,-0.055479751190830866
373,2025-02-28 00:00:00+05:30,219.55805572236468,207.3770294189453,-0.055479751190830866,-0.04672678349581029
374,2025-03-03 00:00:00+05:30,210.4722171903573,200.6375274658203,-0.04672678349581029,0.03175003051757809
375,2025-03-04 00:00:00+05:30,199.6890120601738,206.02914428710935,0.03175003051757809,0.047768366207403413
376,2025-03-05 00:00:00+05:30,206.92773245112727,216.8123321533203,0.047768366207403413,-0.008124590507621274
377,2025-03-06 00:00:00+05:30,221.2054987733016,219.4082946777344,-0.008124590507621274,0.00452591090206821
378,2025-03-07 00:00:00+05:30,220.60642861688308,221.60487365722656,0.00452591090206821,-0.031326919201620784
379,2025-03-10 00:00:00+05:30,223.10253362360515,216.1134185791016,-0.031326919201620784,0.010457820422167974
380,2025-03-11 00:00:00+05:30,214.8154492910011,217.06195068359372,0.010457820422167974,0.02313977425022513
381,2025-03-12 00:00:00+05:30,220.05727730831023,225.14935302734372,0.02313977425022513,-0.023720597589560414
382,2025-03-13 00:00:00+05:30,227.29600065169885,221.90440368652344,-0.023720597589560414,-0.0170174787273828
383,2025-03-17 00:00:00+05:30,222.95278569400853,219.15869140625,-0.0170174787273828,0.014642937799895015
384,2025-03-18 00:00:00+05:30,221.6048765742172,224.84982299804688,0.014642937799895015,0.011720450353597818
385,2025-03-19 00:00:00+05:30,225.7484291123501,228.3943023681641,0.011720450353597818,0.002814501683752512
386,2025-03-20 00:00:00+05:30,230.59088498879265,231.2398834228516,0.002814501683752512,-0.01398751846191933
387,2025-03-21 00:00:00+05:30,231.9887054557931,228.74375915527344,-0.01398751846191933,0.0010759629586092555
388,2025-03-24 00:00:00+05:30,231.9887157613926,232.2383270263672,0.0010759629586092555,-0.030677447984074638
389,2025-03-25 00:00:00+05:30,234.33504127390108,227.146240234375,-0.030677447984074638,-0.024775308395813062
390,2025-03-26 00:00:00+05:30,227.6953922648389,222.05416870117188,-0.024775308395813062,0.01665165166093156
391,2025-03-27 00:00:00+05:30,221.8544778292461,225.54872131347656,0.01665165166093156,0.0017620876497109208
392,2025-03-28 00:00:00+05:30,226.647030045053,227.04640197753903,0.0017620876497109208,0.018567626016384196
393,2025-04-01 00:00:00+05:30,225.8482666367266,230.04173278808597,0.018567626016384196,-0.004978328556209472
394,2025-04-02 00:00:00+05:30,230.64080519402927,229.4925994873047,-0.004978328556209472,0.016317516861045975
395,2025-04-03 00:00:00+05:30,226.3974158947388,230.09165954589844,0.016317516861045975,-0.029251241471183173
396,2025-04-04 00:00:00+05:30,228.69383581659065,222.00425720214844,-0.029251241471183173,0.06670000754744021
397,2025-04-07 00:00:00+05:30,199.8387672429887,213.1680145263672,0.06670000754744021,0.03642235766518157
398,2025-04-08 00:00:00+05:30,216.56271479781623,224.450439453125,0.03642235766518157,-0.017348794939186347
399,2025-04-09 00:00:00+05:30,224.4504480938878,220.55650329589844,-0.017348794939186347,0.01298414167194831
400,2025-04-11 00:00:00+05:30,226.8467045086575,229.7921142578125,0.01298414167194831,0.012083912533272028
401,2025-04-15 00:00:00+05:30,235.48326769442832,238.32882690429688,0.012083912533272028,0.009375000000000043
402,2025-04-16 00:00:00+05:30,239.6268049777477,241.8733062744141,0.009375000000000043,0.015242005965982228
403,2025-04-17 00:00:00+05:30,242.3725289290113,246.0667724609375,0.015242005965982228,-0.01598401598401601
404,2025-04-21 00:00:00+05:30,249.8608761860029,245.8670959472656,-0.01598401598401601,0.02285244144046696
405,2025-04-22 00:00:00+05:30,244.66895566580783,250.2602386474609,0.02285244144046696,0.028281182068987182
406,2025-04-23 00:00:00+05:30,250.6596154518909,257.7485656738281,0.028281182068987182,0.002130615237463113
407,2025-04-24 00:00:00+05:30,257.7485664690343,258.2977294921875,0.002130615237463113,-0.021276595744680656
408,2025-04-25 00:00:00+05:30,258.0980456808339,252.60659790039065,-0.021276595744680656,0.020577748361853592
409,2025-04-28 00:00:00+05:30,252.3070513889408,257.4989624023437,0.020577748361853592,-0.001744233360586347
410,2025-04-29 00:00:00+05:30,257.59881806735507,257.1495056152344,-0.001744233360586347,0.02038021685840582
411,2025-04-30 00:00:00+05:30,254.7532337626465,259.9451599121094,0.02038021685840582,-0.009002013774469983
412,2025-05-02 00:00:00+05:30,260.6440508279746,258.2977294921875,-0.009002013774469983,0.006175245333172274
413,2025-05-05 00:00:00+05:30,258.69712897836814,260.2946472167969,0.006175245333172274,-0.028985507246376892
414,2025-05-06 00:00:00+05:30,258.3476516951376,250.85931396484372,-0.028985507246376892,0.048720548194408915
415,2025-05-07 00:00:00+05:30,243.870203712434,255.75169372558597,0.048720548194408915,-0.01797930816407534
416,2025-05-08 00:00:00+05:30,255.4521672001155,250.85931396484372,-0.01797930816407534,0.01847290594109345
417,2025-05-09 00:00:00+05:30,243.22121550278703,247.71421813964844,0.01847290594109345,0.011348265246872503
418,2025-05-12 00:00:00+05:30,259.54578599672305,262.4911804199219,0.011348265246872503,0.016536804050108055
419,2025-05-13 00:00:00+05:30,262.6409499693538,266.98419189453125,0.016536804050108055,-0.004651162790697623
420,2025-05-14 00:00:00+05:30,268.3321016971196,267.08404541015625,-0.004651162790697623,0.022238880502717058
421,2025-05-15 00:00:00+05:30,267.1339471033984,273.07470703125,0.022238880502717058,0.00966985780734448
422,2025-05-16 00:00:00+05:30,273.62384123559923,276.2697448730469,0.00966985780734448,-0.009649684800740372
423,2025-05-19 00:00:00+05:30,279.3649117608476,276.66912841796875,-0.009649684800740372,-0.02144910533658278
424,2025-05-20 00:00:00+05:30,276.96865340581724,271.0279235839844,-0.02144910533658278,0.010683344137308818
425,2025-05-21 00:00:00+05:30,271.0279163774284,273.92340087890625,0.010683344137308818,0.0020069999454345355
426,2025-05-22 00:00:00+05:30,273.6238411162008,274.1730041503906,0.0020069999454345355,0.02585110599416808
427,2025-05-23 00:00:00+05:30,274.22292377977584,281.3118896484375,0.02585110599416808,-0.002478357857241393
428,2025-05-26 00:00:00+05:30,282.0108133635641,281.3118896484375,-0.002478357857241393,0.04107142857142843
429,2025-05-27 00:00:00+05:30,279.5646047183212,291.0467224121094,0.04107142857142843,-0.022240964123051776
430,2025-05-28 00:00:00+05:30,296.28856537403885,289.6988220214844,-0.022240964123051776,-0.01404111679286169
431,2025-05-29 00:00:00+05:30,291.54596245224803,287.45233154296875,-0.01404111679286169,-0.00641249949225525
432,2025-05-30 00:00:00+05:30,288.05138350083314,286.2042541503906,-0.00641249949225525,-0.00034887879171468985
433,2025-06-02 00:00:00+05:30,286.2042512281177,286.1044006347656,-0.00034887879171468985,-0.014583375718858569
434,2025-06-03 00:00:00+05:30,287.5521851683704,283.35870361328125,-0.014583375718858569,0.023977389445071922
435,2025-06-04 00:00:00+05:30,283.1590114017084,289.94842529296875,0.023977389445071922,-0.0010285166197866054
436,2025-06-05 00:00:00+05:30,291.24642068060774,290.9468688964844,-0.0010285166197866054,0.004613828008732317
437,2025-06-06 00:00:00+05:30,292.1450130779246,293.492919921875,0.004613828008732317,0.026990553862136484
438,2025-06-09 00:00:00+05:30,295.93910588253067,303.9266662597656,0.026990553862136484,-0.010947732364430165
439,2025-06-10 00:00:00+05:30,305.5241792697259,302.17938232421875,-0.010947732364430165,-0.009489508634047688
440,2025-06-11 00:00:00+05:30,305.12479344387896,302.22930908203125,-0.009489508634047688,-0.027932962014388864
441,2025-06-12 00:00:00+05:30,303.8268095866043,295.34002685546875,-0.027932962014388864,0.023502784516367732
442,2025-06-13 00:00:00+05:30,286.7534161722464,293.492919921875,0.023502784516367732,0.0008504847410039804
443,2025-06-16 00:00:00+05:30,293.4929424417984,293.7425537109375,0.0008504847410039804,-0.01662716053985156
444,2025-06-17 00:00:00+05:30,294.2417703881489,289.349365234375,-0.01662716053985156,-0.0034602076124568355
445,2025-06-18 00:00:00+05:30,288.5506301456027,287.5521850585937,-0.0034602076124568355,-0.016952064014595297
446,2025-06-19 00:00:00+05:30,288.6005351468464,283.7081604003906,-0.016952064014595297,0.03738979225225972
447,2025-06-20 00:00:00+05:30,283.05917639481464,293.6427001953125,0.03738979225225972,0.014186872330503789
448,2025-06-23 00:00:00+05:30,288.5506257040466,292.6442565917969,0.014186872330503789,0.01279252134895004
449,2025-06-24 00:00:00+05:30,296.58809264147703,300.3822021484375,0.01279252134895004,-0.0023030504323667393
450,2025-06-25 00:00:00+05:30,303.47736606193496,302.7784423828125,-0.0023030504323667393,0.026281209462574725
451,2025-06-26 00:00:00+05:30,303.92665500640754,311.9142150878906,0.026281209462574725,0.0309064250464084
452,2025-06-27 00:00:00+05:30,313.36197655908234,323.046875,0.0309064250464084,-0.0015274171091413217
453,2025-06-30 00:00:00+05:30,326.84098887579944,326.3417663574219,-0.0015274171091413217,0.004877324075760613
454,2025-07-01 00:00:00+05:30,327.53987203308026,329.13739013671875,0.004877324075760613,-0.010899109049298342
455,2025-07-02 00:00:00+05:30,329.7863944779526,326.1920166015625,-0.010899109049298342,-0.005813935028932805
456,2025-07-03 00:00:00+05:30,326.2918148023585,324.394775390625,-0.005813935028932805,-0.0041366817167682954
457,2025-07-04 00:00:00+05:30,325.8425357665007,324.49462890625,-0.0041366817167682954,0.010474411067632779
458,2025-07-07 00:00:00+05:30,324.0952528137572,327.4899597167969,0.010474411067632779,-0.0018215121877148024
459,2025-07-08 00:00:00+05:30,328.8877999426268,328.2887268066406,-0.0018215121877148024,0.0013662719936665183
460,2025-07-09 00:00:00+05:30,328.83788841276146,329.28717041015625,0.0013662719936665183,0.003935871506485575
461,2025-07-10 00:00:00+05:30,329.7863842704387,331.0843811035156,0.003935871506485575,-0.016898027177588915
462,2025-07-11 00:00:00+05:30,330.8846635152436,325.2933654785156,-0.016898027177588915,-0.018005559290282674
463,2025-07-14 00:00:00+05:30,324.3947728412414,318.5538635253906,-0.018005559290282674,0.0017153230033257563
464,2025-07-15 00:00:00+05:30,320.1513984651034,320.7005615234375,0.0017153230033257563,-0.005445775530610239
465,2025-07-16 00:00:00+05:30,320.8503060896418,319.10302734375,-0.005445775530610239,-0.005937480926513658
466,2025-07-17 00:00:00+05:30,319.5024167024112,317.6053771972656,-0.005937480926513658,-0.015695377755924663
467,2025-07-18 00:00:00+05:30,321.2496852122056,316.2075500488281,-0.015695377755924663,-0.003924030914772451
468,2025-07-21 00:00:00+05:30,318.0546664511639,316.8066101074219,-0.003924030914772451,-0.02141063658648219
469,2025-07-22 00:00:00+05:30,317.1061560932297,310.31671142578125,-0.02141063658648219,0.009632364368012293
470,2025-07-23 00:00:00+05:30,310.9657244068627,313.9610595703125,0.009632364368012293,0.0033302199530574174
471,2025-07-24 00:00:00+05:30,314.8097076917475,315.85809326171875,0.0033302199530574174,-0.016126501513092938
472,2025-07-25 00:00:00+05:30,315.75824401273354,310.6661682128906,-0.016126501513092938,-0.012692840784348881
473,2025-07-28 00:00:00+05:30,310.7161175233075,306.7722473144531,-0.012692840784348881,0.04594332480916076
474,2025-07-29 00:00:00+05:30,306.4227734812161,320.5008544921875,0.04594332480916076,-0.010506779457219064
475,2025-07-30 00:00:00+05:30,323.096825003562,319.7021179199219,-0.010506779457219064,0.035849037410328195
476,2025-07-31 00:00:00+05:30,317.5055196145854,328.8877868652344,0.035849037410328195,-0.0009102497117449283
477,2025-08-01 00:00:00+05:30,329.0874851380952,328.7879333496094,-0.0009102497117449283,0.015063851483599221
478,2025-08-04 00:00:00+05:30,328.0890567287779,333.0313415527344,0.015063851483599221,-0.0061221988149318006
479,2025-08-05 00:00:00+05:30,334.32933186001344,332.2825012207031,-0.0061221988149318006,-0.020108079116360356
480,2025-08-06 00:00:00+05:30,332.68190360865674,325.9923095703125,-0.020108079116360356,0.010562267663719637
481,2025-08-07 00:00:00+05:30,321.3994518976313,324.7941589355469,0.010562267663719637,-0.01076757462371971
482,2025-08-08 00:00:00+05:30,324.5445454043311,321.04998779296875,-0.01076757462371971,0.021183762594918224
483,2025-08-11 00:00:00+05:30,321.0,327.79998779296875,0.021183762594918224,-0.002744720686907047
484,2025-08-12 00:00:00+05:30,327.8999938964844,327.0,-0.002744720686907047,0.009468558831115217
485,2025-08-13 00:00:00+05:30,327.3999938964844,330.5,0.009468558831115217,-0.009981906381192236
486,2025-08-14 00:00:00+05:30,330.6000061035156,327.29998779296875,-0.009981906381192236,-0.0036287032438329487
487,2025-08-18 00:00:00+05:30,330.70001220703125,329.5,-0.0036287032438329487,0.002724364703666331
488,2025-08-19 00:00:00+05:30,330.3500061035156,331.25,0.002724364703666331,-0.006045035403064929
489,2025-08-20 00:00:00+05:30,330.8500061035156,328.8500061035156,-0.006045035403064929,-0.01625153677136272
490,2025-08-21 00:00:00+05:30,329.20001220703125,323.8500061035156,-0.01625153677136272,-0.013228696983392916
491,2025-08-22 00:00:00+05:30,325.04998779296875,320.75,-0.013228696983392916,-0.006836487796477145
492,2025-08-25 00:00:00+05:30,321.79998779296875,319.6000061035156,-0.006836487796477145,-0.012046326752161081
493,2025-08-26 00:00:00+05:30,319.6000061035156,315.75,-0.012046326752161081,-0.016648168379221957
494,2025-08-28 00:00:00+05:30,315.3500061035156,310.1000061035156,-0.016648168379221957,0.004513197425504942
495,2025-08-29 00:00:00+05:30,310.20001220703125,311.6000061035156,0.004513197425504942,0.00657047369541266
496,2025-09-01 00:00:00+05:30,312.0,314.04998779296875,0.00657047369541266,-0.008752386674600071
497,2025-09-02 00:00:00+05:30,314.20001220703125,311.45001220703125,-0.008752386674600071,0.006903174866646665
498,2025-09-03 00:00:00+05:30,311.45001220703125,313.6000061035156,0.006903174866646665,-0.018412659660218253
499,2025-09-04 00:00:00+05:30,315.0,309.20001220703125,-0.018412659660218253,-0.002257641403038943
500,2025-09-05 00:00:00+05:30,310.04998779296875,309.3500061035156,-0.002257641403038943,0.001449081386959368
501,2025-09-08 00:00:00+05:30,310.54998779296875,311.0,0.001449081386959368,-0.011390944529098534
502,2025-09-09 00:00:00+05:30,311.6499938964844,308.1000061035156,-0.011390944529098534,0.001614987048265185
503,2025-09-10 00:00:00+05:30,309.6000061035156,310.1000061035156,0.001614987048265185,0.0019348793669979314
504,2025-09-11 00:00:00+05:30,310.1000061035156,310.70001220703125,0.0019348793669979314,0.0004822954870880225
505,2025-09-12 00:00:00+05:30,311.0,311.1499938964844,0.0004822954870880225,0.012359570155748395
506,2025-09-15 00:00:00+05:30,311.5,315.3500061035156,0.012359570155748395,-0.0015822784810126582
507,2025-09-16 00:00:00+05:30,316.0,315.5,-0.0015822784810126582,0.00031687611401003384
508,2025-09-17 00:00:00+05:30,315.6000061035156,315.70001220703125,0.00031687611401003384,0.003955696202531646
509,2025-09-18 00:00:00+05:30,316.0,317.25,0.003955696202531646,-0.003302463501285107
510,2025-09-19 00:00:00+05:30,317.95001220703125,316.8999938964844,-0.003302463501285107,-0.008529400706276374
511,2025-09-22 00:00:00+05:30,316.54998779296875,313.8500061035156,-0.008529400706276374,-0.0046200802256890815
512,2025-09-23 00:00:00+05:30,313.8500061035156,312.3999938964844,-0.0046200802256890815,-0.02542911584486012
513,2025-09-24 00:00:00+05:30,314.6000061035156,306.6000061035156,-0.02542911584486012,-0.019987078875786816
514,2025-09-25 00:00:00+05:30,307.70001220703125,301.54998779296875,-0.019987078875786816,-0.018257261410788383
515,2025-09-26 00:00:00+05:30,301.25,295.75,-0.018257261410788383,-0.003382949862490232
516,2025-09-29 00:00:00+05:30,295.6000061035156,294.6000061035156,-0.003382949862490232,-0.004751379350023734
517,2025-09-30 00:00:00+05:30,294.6499938964844,293.25,-0.004751379350023734,0.022142736400262562
518,2025-10-01 00:00:00+05:30,293.54998779296875,300.04998779296875,0.022142736400262562,0.005663875534235558
519,2025-10-03 00:00:00+05:30,300.1499938964844,301.8500061035156,0.005663875534235558,0.01424318780218746
520,2025-10-06 00:00:00+05:30,301.8999938964844,306.20001220703125,0.01424318780218746,0.014066037361021237
521,2025-10-07 00:00:00+05:30,305.70001220703125,310.0,0.014066037361021237,-0.01567045590796648
522,2025-10-08 00:00:00+05:30,309.5,304.6499938964844,-0.01567045590796648,0.006552006552006552
523,2025-10-09 00:00:00+05:30,305.25,307.25,0.006552006552006552,0.005872717105933931
524,2025-10-10 00:00:00+05:30,306.5,308.29998779296875,0.005872717105933931,0.010981826708969437
525,2025-10-13 00:00:00+05:30,305.04998779296875,308.3999938964844,0.010981826708969437,-0.009401926728133852
526,2025-10-14 00:00:00+05:30,308.45001220703125,305.54998779296875,-0.009401926728133852,0.02240028246225171
527,2025-10-15 00:00:00+05:30,305.79998779296875,312.6499938964844,0.02240028246225171,-0.006050935976064888
528,2025-10-16 00:00:00+05:30,314.0,312.1000061035156,-0.006050935976064888,-0.014654368247718352
529,2025-10-17 00:00:00+05:30,313.8999938964844,309.29998779296875,-0.014654368247718352,0.004364714376966795
530,2025-10-20 00:00:00+05:30,309.29998779296875,310.6499938964844,0.004364714376966795,0.002088669251246543
531,2025-10-21 00:00:00+05:30,311.20001220703125,311.8500061035156,0.002088669251246543,-0.009459715085116983
532,2025-10-23 00:00:00+05:30,311.8500061035156,308.8999938964844,-0.009459715085116983,-0.010669214106718979
533,2025-10-24 00:00:00+05:30,309.29998779296875,306.0,-0.010669214106718979,-0.0026117787295162082
534,2025-10-27 00:00:00+05:30,306.29998779296875,305.5,-0.0026117787295162082,0.006377799532399837
535,2025-10-28 00:00:00+05:30,305.75,307.70001220703125,0.006377799532399837,0.006662293505498618
536,2025-10-29 00:00:00+05:30,307.70001220703125,309.75,0.006662293505498618,0.0
537,2025-10-30 00:00:00+05:30,309.75,309.75,0.0,-0.008723787421748789
538,2025-10-31 00:00:00+05:30,309.5,306.79998779296875,-0.008723787421748789,0.0036006746432590015
539,2025-11-03 00:00:00+05:30,305.5,306.6000061035156,0.0036006746432590015,-0.01146038005877082
540,2025-11-04 00:00:00+05:30,305.3999938964844,301.8999938964844,-0.01146038005877082,-0.012752587550020678
541,2025-11-06 00:00:00+05:30,301.8999938964844,298.04998779296875,-0.012752587550020678,0.00859449844305844
542,2025-11-07 00:00:00+05:30,296.70001220703125,299.25,0.00859449844305844,0.008014672895805685
543,2025-11-10 00:00:00+05:30,299.45001220703125,301.8500061035156,0.008014672895805685,0.01027002166914821
544,2025-11-11 00:00:00+05:30,301.8500061035156,304.95001220703125,0.01027002166914821,0.014587813096558402
545,2025-11-12 00:00:00+05:30,305.04998779296875,309.5,0.014587813096558402,0.0035524176495974865
546,2025-11-13 00:00:00+05:30,309.6499938964844,310.75,0.0035524176495974865,0.013032945431918744
547,2025-11-14 00:00:00+05:30,310.75,314.79998779296875,0.013032945431918744,-0.008894497781271164
548,2025-11-17 00:00:00+05:30,314.79998779296875,312.0,-0.008894497781271164,-0.01671213816955141
549,2025-11-18 00:00:00+05:30,311.1499938964844,305.95001220703125,-0.01671213816955141,-0.001802943173175983
550,2025-11-19 00:00:00+05:30,305.04998779296875,304.5,-0.001802943173175983,0.010321080506207806
551,2025-11-20 00:00:00+05:30,305.20001220703125,308.3500061035156,0.010321080506207806,-0.010270701952030389
552,2025-11-21 00:00:00+05:30,306.70001220703125,303.54998779296875,-0.010270701952030389,-0.009087904641546041
553,2025-11-24 00:00:00+05:30,302.6000061035156,299.8500061035156,-0.009087904641546041,0.005177081971093105
554,2025-11-25 00:00:00+05:30,299.3999938964844,300.95001220703125,0.005177081971093105,0.018693114628566997
555,2025-11-26 00:00:00+05:30,302.25,307.8999938964844,0.018693114628566997,-0.007775778208145015
556,2025-11-27 00:00:00+05:30,308.6499938964844,306.25,-0.007775778208145015,-0.0017926591096864269
557,2025-11-28 00:00:00+05:30,306.79998779296875,306.25,-0.0017926591096864269,-0.006522093721857821
558,2025-12-01 00:00:00+05:30,306.6499938964844,304.6499938964844,-0.006522093721857821,0.0011495338213338962
559,2025-12-02 00:00:00+05:30,304.45001220703125,304.79998779296875,0.0011495338213338962,-0.012137156414472449
560,2025-12-03 00:00:00+05:30,304.8500061035156,301.1499938964844,-0.012137156414472449,0.00382057772918397
561,2025-12-04 00:00:00+05:30,301.0,302.1499938964844,0.00382057772918397,0.006295641122974115
562,2025-12-05 00:00:00+05:30,301.79998779296875,303.70001220703125,0.006295641122974115,-0.020908810827399135
563,2025-12-08 00:00:00+05:30,303.70001220703125,297.3500061035156,-0.020908810827399135,-0.00962514706102124
564,2025-12-09 00:00:00+05:30,296.1000061035156,293.25,-0.00962514706102124,-0.009371272399402232
565,2025-12-10 00:00:00+05:30,293.45001220703125,290.70001220703125,-0.009371272399402232,0.025257752933043384
566,2025-12-11 00:00:00+05:30,291.0,298.3500061035156,0.025257752933043384,0.00400604992800276
567,2025-12-12 00:00:00+05:30,299.54998779296875,300.75,0.00400604992800276,0.002846161462873651
568,2025-12-15 00:00:00+05:30,298.6499938964844,299.5,0.002846161462873651,-0.00873657946973043
569,2025-12-16 00:00:00+05:30,297.6000061035156,295.0,-0.00873657946973043,-0.006271207130561441
570,2025-12-17 00:00:00+05:30,295.0,293.1499938964844,-0.006271207130561441,-0.0030706034723401525
571,2025-12-18 00:00:00+05:30,293.1000061035156,292.20001220703125,-0.0030706034723401525,0.010034055125956632
572,2025-12-19 00:00:00+05:30,294.0,296.95001220703125,0.010034055125956632,0.003359086190781088
573,2025-12-22 00:00:00+05:30,297.70001220703125,298.70001220703125,0.003359086190781088,-0.00016732315638075314
574,2025-12-23 00:00:00+05:30,298.75,298.70001220703125,-0.00016732315638075314,0.002179724580403786
575,2025-12-24 00:00:00+05:30,298.20001220703125,298.8500061035156,0.002179724580403786,-0.00602314965295127
