,Date,Open,Close,Return,Next Return,bin
0,2023-08-21 00:00:00+05:30,264.58793238589635,251.3585357666016,-0.0499999999999997,-0.0295833587646483,"(-0.05,0.0)"
1,2023-08-22 00:00:00+05:30,238.8280487060547,238.8280487060547,0.0,-0.0077753911523016,"(-0.05,0.0)"
2,2023-08-23 00:00:00+05:30,226.89663696289065,226.89663696289065,0.0,-0.0091423198634161,"(-0.05,0.0)"
3,2023-08-24 00:00:00+05:30,215.56427001953125,215.56427001953125,0.0,0.0004392011631792,"(-0.05,0.0)"
4,2023-08-25 00:00:00+05:30,204.8309867603329,211.91995239257807,0.034608853593718,-0.0008699302024873,"(0.0,0.05)"
5,2023-08-28 00:00:00+05:30,215.66413446940723,211.3208923339844,-0.0201389171459055,-0.002380965592025,"(-0.05,0.0)"
6,2023-08-29 00:00:00+05:30,211.32087835952345,221.30532836914065,0.047247816151088,-0.0155844420065612,"(0.0,0.05)"
7,2023-08-30 00:00:00+05:30,224.65012651942823,232.3381500244141,0.0342222086588541,-0.0098684210526314,"(0.0,0.05)"
8,2023-08-31 00:00:00+05:30,240.5254088124768,233.28668212890625,-0.0300954760634629,0.0193875708942037,"(-0.05,0.0)"
9,2023-09-01 00:00:00+05:30,235.63302220872245,244.91856384277344,0.039406792592194,-0.0010794472945234,"(0.0,0.05)"
10,2023-09-04 00:00:00+05:30,253.6050407646577,253.055892944336,-0.0021653663455031,-0.025796649060015,"(-0.05,0.0)"
11,2023-09-05 00:00:00+05:30,256.9997500524676,254.70333862304688,-0.0089354617230247,-0.000443387728497,"(-0.05,0.0)"
12,2023-09-06 00:00:00+05:30,246.5160741480209,252.5067443847656,0.024301337174255,-0.0046428822520747,"(0.0,0.05)"
13,2023-09-07 00:00:00+05:30,251.4583834422806,251.25868225097656,-0.0007941719364066,-0.0108059841932414,"(-0.05,0.0)"
14,2023-09-08 00:00:00+05:30,251.6081463499176,252.9061279296875,0.0051587422688801,-0.0040705976048324,"(0.0,0.05)"
15,2023-09-11 00:00:00+05:30,255.6518378913576,249.8109436035156,-0.0228470655091638,0.015096918412167,"(-0.05,0.0)"
16,2023-09-12 00:00:00+05:30,250.1604000860139,243.8701934814453,-0.0251446935742259,-0.0079312759460767,"(-0.05,0.0)"
17,2023-09-13 00:00:00+05:30,243.8202724154252,239.8264923095703,-0.0163800165847168,0.0011160714285711,"(-0.05,0.0)"
18,2023-09-14 00:00:00+05:30,241.6237051886297,242.2227783203125,0.002479364064114,-0.0006666395399306,"(0.0,0.05)"
19,2023-09-15 00:00:00+05:30,243.970054233001,238.9778289794922,-0.0204624508905549,-0.0471982627079403,"(-0.05,0.0)"
20,2023-09-18 00:00:00+05:30,239.6268076162128,232.537841796875,-0.0295833587646483,-0.0307243370194653,"(-0.05,0.0)"
21,2023-09-20 00:00:00+05:30,231.14002330602364,229.3428192138672,-0.0077753911523016,-0.0083274940726149,"(-0.05,0.0)"
22,2023-09-21 00:00:00+05:30,229.34281916114884,227.24609375,-0.0091423198634161,-0.0076423989955068,"(-0.05,0.0)"
23,2023-09-22 00:00:00+05:30,227.3459349233985,227.4457855224609,0.0004392011631792,-0.0354726072509482,"(0.0,0.05)"
24,2023-09-25 00:00:00+05:30,229.5425051718708,229.3428192138672,-0.0008699302024873,0.016440976045989,"(-0.05,0.0)"
25,2023-09-26 00:00:00+05:30,230.64080737236893,230.09165954589844,-0.002380965592025,0.0335008380102245,"(-0.05,0.0)"
26,2023-09-27 00:00:00+05:30,230.64081031016408,227.04640197753903,-0.0155844420065612,0.0182648401826484,"(-0.05,0.0)"
27,2023-09-28 00:00:00+05:30,227.64547293526783,225.3989715576172,-0.0098684210526314,-0.0249220779741111,"(-0.05,0.0)"
28,2023-09-29 00:00:00+05:30,226.59709759846697,230.99026489257807,0.0193875708942037,-0.0110459734649797,"(0.0,0.05)"
29,2023-10-03 00:00:00+05:30,231.2398761512755,230.99026489257807,-0.0010794472945234,0.0078721786166526,"(-0.05,0.0)"
30,2023-10-04 00:00:00+05:30,230.291346236716,224.35060119628903,-0.025796649060015,-0.0068571428571427,"(-0.05,0.0)"
31,2023-10-05 00:00:00+05:30,225.19927686535976,225.09942626953125,-0.000443387728497,-0.0011402508551882,"(-0.05,0.0)"
32,2023-10-06 00:00:00+05:30,225.79833984582905,224.7499847412109,-0.0046428822520747,-0.0158622256823718,"(-0.05,0.0)"
33,2023-10-09 00:00:00+05:30,221.75464510975576,219.35836791992188,-0.0108059841932414,-0.0036697387695311,"(-0.05,0.0)"
34,2023-10-10 00:00:00+05:30,220.7561993781202,219.8575897216797,-0.0040705976048324,-0.0158474827588647,"(-0.05,0.0)"
35,2023-10-11 00:00:00+05:30,221.5549527109703,224.89974975585932,0.015096918412167,0.001627935365189,"(0.0,0.05)"
36,2023-10-12 00:00:00+05:30,226.5971003718645,224.7998962402344,-0.0079312759460767,0.0323255672011265,"(-0.05,0.0)"
37,2023-10-13 00:00:00+05:30,223.65169488573025,223.9013061523437,0.0011160714285711,0.0037955173703888,"(0.0,0.05)"
38,2023-10-16 00:00:00+05:30,224.65012686815825,224.5003662109375,-0.0006666395399306,-0.0084014766648815,"(-0.05,0.0)"
39,2023-10-17 00:00:00+05:30,231.63925392978527,220.706283569336,-0.0471982627079403,0.0084406656817708,"(-0.05,0.0)"
40,2023-10-18 00:00:00+05:30,222.6033163644121,215.76397705078125,-0.0307243370194653,-0.0236464358166437,"(-0.05,0.0)"
41,2023-10-19 00:00:00+05:30,215.81388193785995,214.0166931152344,-0.0083274940726149,-0.0255366955773303,"(-0.05,0.0)"
42,2023-10-20 00:00:00+05:30,215.5642831191756,213.91685485839844,-0.0076423989955068,0.0138089758342922,"(-0.05,0.0)"
43,2023-10-23 00:00:00+05:30,213.91684736868768,206.3286590576172,-0.0354726072509482,0.0088817896658488,"(-0.05,0.0)"
44,2023-10-25 00:00:00+05:30,206.4784314817299,209.8731384277344,0.016440976045989,-0.003377617607261,"(0.0,0.05)"
45,2023-10-26 00:00:00+05:30,208.62508171010367,215.6141967773437,0.0335008380102245,0.0225529998593877,"(0.0,0.05)"
46,2023-10-27 00:00:00+05:30,218.65946385678689,222.6532440185547,0.0182648401826484,-0.0078930191960983,"(0.0,0.05)"
47,2023-10-30 00:00:00+05:30,224.3505907782413,218.75930786132807,-0.0249220779741111,-0.0146032734693018,"(-0.05,0.0)"
48,2023-10-31 00:00:00+05:30,221.45511370122944,219.0089263916016,-0.0110459734649797,0.0152620964462107,"(-0.05,0.0)"
49,2023-11-01 00:00:00+05:30,215.61420045679543,217.31155395507807,0.0078721786166526,-0.0238043710337797,"(0.0,0.05)"
50,2023-11-02 00:00:00+05:30,218.40985323397828,216.9121856689453,-0.0068571428571427,0.0026144056798064,"(-0.05,0.0)"
51,2023-11-03 00:00:00+05:30,218.909080871164,218.6594696044922,-0.0011402508551882,0.0532145967089404,"(-0.05,0.0)"
52,2023-11-06 00:00:00+05:30,220.3068897580438,216.8123321533203,-0.0158622256823718,0.0052942497886419,"(-0.05,0.0)"
53,2023-11-07 00:00:00+05:30,217.661017987457,216.8622589111328,-0.0036697387695311,0.0016084003224042,"(-0.05,0.0)"
54,2023-11-08 00:00:00+05:30,217.36148728051765,213.91685485839844,-0.0158474827588647,-0.0186746742830698,"(-0.05,0.0)"
55,2023-11-09 00:00:00+05:30,214.66567487492887,215.01513671875,0.001627935365189,0.0018363474500636,"(0.0,0.05)"
56,2023-11-10 00:00:00+05:30,214.6656836738517,221.60487365722656,0.0323255672011265,-0.0249189995106432,"(0.0,0.05)"
57,2023-11-13 00:00:00+05:30,223.6017551075648,224.450439453125,0.0037955173703888,-0.0095041448419744,"(0.0,0.05)"
58,2023-11-15 00:00:00+05:30,225.7983456845816,223.9013061523437,-0.0084014766648815,-0.0150608997868742,"(-0.05,0.0)"
59,2023-11-16 00:00:00+05:30,224.7499789979108,226.6470184326172,0.0084406656817708,-0.0093750000000001,"(0.0,0.05)"
60,2023-11-17 00:00:00+05:30,225.89819035522933,220.55650329589844,-0.0236464358166437,0.0010425354329374,"(-0.05,0.0)"
61,2023-11-20 00:00:00+05:30,220.905963592502,215.26475524902344,-0.0255366955773303,-0.009143857652625,"(-0.05,0.0)"
62,2023-11-21 00:00:00+05:30,216.9121814082619,219.9075164794922,0.0138089758342922,-0.0288702673493072,"(0.0,0.05)"
63,2023-11-22 00:00:00+05:30,219.20861381245672,221.15557861328125,0.0088817896658488,0.034565204122792,"(0.0,0.05)"
64,2023-11-23 00:00:00+05:30,221.70472060876136,220.9558868408203,-0.003377617607261,-0.0094142259414226,"(-0.05,0.0)"
65,2023-11-24 00:00:00+05:30,221.35526318386,226.3474884033203,0.0225529998593877,-0.0092905275333182,"(0.0,0.05)"
66,2023-11-28 00:00:00+05:30,227.69539750272727,225.898193359375,-0.0078930191960983,-0.0053134962805527,"(-0.05,0.0)"
67,2023-11-29 00:00:00+05:30,229.04328328909148,225.6985015869141,-0.0146032734693018,-0.0070212506233377,"(-0.05,0.0)"
68,2023-11-30 00:00:00+05:30,225.6985102687082,229.1431427001953,0.0152620964462107,-0.0040598160181289,"(0.0,0.05)"
69,2023-12-01 00:00:00+05:30,230.690727455561,225.19927978515625,-0.0238043710337797,0.0038511303681049,"(-0.05,0.0)"
70,2023-12-04 00:00:00+05:30,229.1431296591196,229.74220275878903,0.0026144056798064,0.0012766087308841,"(0.0,0.05)"
71,2023-12-05 00:00:00+05:30,229.842046248978,242.072998046875,0.0532145967089404,-0.0034006505919568,"(0.05,0.1)"
72,2023-12-06 00:00:00+05:30,245.1681744500952,246.46615600585932,0.0052942497886419,0.0102553883199044,"(0.0,0.05)"
73,2023-12-07 00:00:00+05:30,248.31327459225267,248.7126617431641,0.0016084003224042,-0.0040874720006046,"(0.0,0.05)"
74,2023-12-08 00:00:00+05:30,248.6128102511084,243.9700469970703,-0.0186746742830698,-0.0182186234817813,"(-0.05,0.0)"
75,2023-12-11 00:00:00+05:30,244.66895839737165,245.1182556152344,0.0018363474500636,-0.0041126877446096,"(0.0,0.05)"
76,2023-12-12 00:00:00+05:30,246.41623335182425,240.2757873535156,-0.0249189995106432,-0.0026970701098937,"(-0.05,0.0)"
77,2023-12-13 00:00:00+05:30,241.62369712251828,239.3272705078125,-0.0095041448419744,0.0349794238683126,"(-0.05,0.0)"
78,2023-12-14 00:00:00+05:30,241.9731604245645,238.32882690429688,-0.0150608997868742,0.0007843017578124,"(-0.05,0.0)"
79,2023-12-15 00:00:00+05:30,239.62681141561515,237.3803100585937,-0.0093750000000001,0.0341084798177084,"(-0.05,0.0)"
80,2023-12-18 00:00:00+05:30,239.4271160428412,239.67672729492188,0.0010425354329374,-0.0047981294591995,"(0.0,0.05)"
81,2023-12-19 00:00:00+05:30,240.22588820118708,238.029296875,-0.009143857652625,-0.0197979551373106,"(-0.05,0.0)"
82,2023-12-20 00:00:00+05:30,238.62837006553065,231.73910522460932,-0.0288702673493072,0.0002030580782041,"(-0.05,0.0)"
83,2023-12-21 00:00:00+05:30,229.64235180682468,237.5799865722656,0.034565204122792,-0.0251419791304817,"(0.0,0.05)"
84,2023-12-22 00:00:00+05:30,238.6283678258233,236.38186645507807,-0.0094142259414226,-0.0029124701029953,"(-0.05,0.0)"
85,2023-12-26 00:00:00+05:30,236.4317902908473,234.23521423339844,-0.0092905275333182,-0.0031165593975565,"(-0.05,0.0)"
86,2023-12-27 00:00:00+05:30,234.88419521364392,233.6361389160156,-0.0053134962805527,0.0440932045450881,"(-0.05,0.0)"
87,2023-12-28 00:00:00+05:30,234.6345802927464,232.98715209960932,-0.0070212506233377,-0.0224851950620992,"(-0.05,0.0)"
88,2023-12-29 00:00:00+05:30,233.63614182129243,232.6876220703125,-0.0040598160181289,0.0014115995475838,"(-0.05,0.0)"
89,2024-01-01 00:00:00+05:30,233.33660454962688,234.23521423339844,0.0038511303681049,0.0019857029147741,"(0.0,0.05)"
90,2024-01-02 00:00:00+05:30,234.6345760005385,234.93411254882807,0.0012766087308841,0.0031626924744398,"(0.0,0.05)"
91,2024-01-03 00:00:00+05:30,234.8841930300298,234.0854339599609,-0.0034006505919568,0.1291015148162839,"(-0.05,0.0)"
92,2024-01-04 00:00:00+05:30,238.52851365363577,240.97471618652344,0.0102553883199044,-0.0550619189350211,"(0.0,0.05)"
93,2024-01-05 00:00:00+05:30,244.2695784855106,243.2711334228516,-0.0040874720006046,-0.0173801690894996,"(-0.05,0.0)"
94,2024-01-08 00:00:00+05:30,246.6159275330219,242.1229248046875,-0.0182186234817813,-0.0264814588758679,"(-0.05,0.0)"
95,2024-01-09 00:00:00+05:30,242.77189776747292,241.77345275878903,-0.0041126877446096,0.0315690211853139,"(-0.05,0.0)"
96,2024-01-10 00:00:00+05:30,240.62525576802528,239.9762725830078,-0.0026970701098937,-0.0204228954315409,"(-0.05,0.0)"
97,2024-01-11 00:00:00+05:30,242.622149488324,251.1089324951172,0.0349794238683126,0.0051604293293625,"(0.0,0.05)"
98,2024-01-12 00:00:00+05:30,254.60349091441344,254.8031768798828,0.0007843017578124,0.0101719990305715,"(0.0,0.05)"
99,2024-01-15 00:00:00+05:30,257.59882742949327,266.3851318359375,0.0341084798177084,-0.0036363636363637,"(0.0,0.05)"
100,2024-01-16 00:00:00+05:30,249.7111162337941,248.51296997070312,-0.0047981294591995,-0.0132438092004737,"(-0.05,0.0)"
101,2024-01-17 00:00:00+05:30,247.11515303382583,242.2227783203125,-0.0197979551373106,-0.0001825818883668,"(-0.05,0.0)"
102,2024-01-19 00:00:00+05:30,245.8670821490942,245.91700744628903,0.0002030580782041,0.0243725440370661,"(0.0,0.05)"
103,2024-01-23 00:00:00+05:30,246.21655558410595,240.02618408203125,-0.0251419791304817,0.0195148327343739,"(-0.05,0.0)"
104,2024-01-24 00:00:00+05:30,239.97626745438933,239.27734375,-0.0029124701029953,0.0380201237260648,"(-0.05,0.0)"
105,2024-01-25 00:00:00+05:30,240.2757960705224,239.52696228027344,-0.0031165593975565,0.0911764506421055,"(-0.05,0.0)"
106,2024-01-29 00:00:00+05:30,240.02618693658687,250.60971069335932,0.0440932045450881,-0.0377275568797559,"(0.0,0.05)"
107,2024-01-30 00:00:00+05:30,253.10582188682992,247.4146881103516,-0.0224851950620992,-0.0350053580337487,"(-0.05,0.0)"
108,2024-01-31 00:00:00+05:30,247.5644480492452,247.91390991210932,0.0014115995475838,-0.0506464972527603,"(0.0,0.05)"
109,2024-02-01 00:00:00+05:30,251.40846181075537,251.90768432617188,0.0019857029147741,-0.0064061496534271,"(0.0,0.05)"
110,2024-02-02 00:00:00+05:30,252.55666391330456,253.3554229736328,0.0031626924744398,0.0090476384238591,"(0.0,0.05)"
111,2024-02-05 00:00:00+05:30,255.6019287152421,288.6005249023437,0.1291015148162839,-0.0247883373399187,"(0.1,0.15)"
112,2024-02-06 00:00:00+05:30,286.503812749285,270.7283630371094,-0.0550619189350211,-0.0084784952928977,"(-0.1,-0.05)"
113,2024-02-07 00:00:00+05:30,272.8750299320049,268.1324157714844,-0.0173801690894996,0.0109975788252621,"(-0.05,0.0)"
114,2024-02-08 00:00:00+05:30,269.5801601032106,262.4412841796875,-0.0264814588758679,0.0136632758967845,"(-0.05,0.0)"
115,2024-02-09 00:00:00+05:30,264.0886984971841,272.4257202148437,0.0315690211853139,0.0556379821958457,"(0.0,0.05)"
116,2024-02-12 00:00:00+05:30,276.21982181836535,270.57861328125,-0.0204228954315409,0.0052799607176824,"(-0.05,0.0)"
117,2024-02-13 00:00:00+05:30,270.87812304812417,272.2759704589844,0.0051604293293625,-0.1010681820860399,"(0.0,0.05)"
118,2024-02-14 00:00:00+05:30,269.92963006852665,272.67535400390625,0.0101719990305715,0.0315452786070665,"(0.0,0.05)"
119,2024-02-15 00:00:00+05:30,274.5723891432268,273.5739440917969,-0.0036363636363637,0.0108504756804434,"(-0.05,0.0)"
120,2024-02-16 00:00:00+05:30,275.17144828546384,271.5271301269531,-0.0132438092004737,0.0159942011324747,"(-0.05,0.0)"
121,2024-02-19 00:00:00+05:30,273.5240311102857,273.4740905761719,-0.0001825818883668,-0.0016954114548279,"(-0.05,0.0)"
122,2024-02-20 00:00:00+05:30,274.4725456858833,281.1621398925781,0.0243725440370661,-0.0414596233325716,"(0.0,0.05)"
123,2024-02-21 00:00:00+05:30,283.95775736912606,289.4991455078125,0.0195148327343739,-0.0165457538665638,"(0.0,0.05)"
124,2024-02-22 00:00:00+05:30,291.4960499831231,302.5787658691406,0.0380201237260648,0.0187757993989967,"(0.0,0.05)"
125,2024-02-23 00:00:00+05:30,305.5241873517935,333.3807983398437,0.0911764506421055,0.0001443690771661,"(0.05,0.1)"
126,2024-02-26 00:00:00+05:30,340.0703810910452,327.2403564453125,-0.0377275568797559,0.0070402649627334,"(-0.05,0.0)"
127,2024-02-27 00:00:00+05:30,329.43696617714545,317.9049072265625,-0.0350053580337487,-0.0032399616129374,"(-0.05,0.0)"
128,2024-02-28 00:00:00+05:30,324.2949476066373,307.8705444335937,-0.0506464972527603,-0.0004201509705444,"(-0.1,-0.05)"
129,2024-02-29 00:00:00+05:30,311.7145413683425,309.7176513671875,-0.0064061496534271,-0.0055687039788074,"(-0.05,0.0)"
130,2024-03-01 00:00:00+05:30,314.51019936134395,317.35577392578125,0.0090476384238591,0.0018232647867724,"(0.0,0.05)"
131,2024-03-04 00:00:00+05:30,330.2856200399495,322.098388671875,-0.0247883373399187,0.0051460531391255,"(-0.05,0.0)"
132,2024-03-05 00:00:00+05:30,323.845638270483,321.09991455078125,-0.0084784952928977,0.0320928902868409,"(-0.05,0.0)"
133,2024-03-06 00:00:00+05:30,322.2980312925088,325.842529296875,0.0109975788252621,-0.018735019988487,"(0.0,0.05)"
134,2024-03-07 00:00:00+05:30,328.8378690518649,333.33087158203125,0.0136632758967845,-0.0092967182707855,"(0.0,0.05)"
135,2024-03-11 00:00:00+05:30,336.47596415816605,355.1968078613281,0.0556379821958457,-0.001752323473977,"(0.05,0.1)"
136,2024-03-12 00:00:00+05:30,359.2904604824148,361.1875,0.0052799607176824,0.0051288806421268,"(0.0,0.05)"
137,2024-03-13 00:00:00+05:30,364.5322817791407,327.6896667480469,-0.1010681820860399,-0.0223448444234913,"(-0.15,-0.1)"
138,2024-03-14 00:00:00+05:30,327.5898242960081,337.9237365722656,0.0315452786070665,-0.0086301202643406,"(0.0,0.05)"
139,2024-03-15 00:00:00+05:30,340.4697428006583,344.1640014648437,0.0108504756804434,0.022576736422112,"(0.0,0.05)"
140,2024-03-18 00:00:00+05:30,346.4604124976044,352.00177001953125,0.0159942011324747,-0.0234890315118765,"(0.0,0.05)"
141,2024-03-19 00:00:00+05:30,353.3496834524476,352.7506103515625,-0.0016954114548279,0.0131022031947335,"(-0.05,0.0)"
142,2024-03-20 00:00:00+05:30,351.602419856884,337.0251159667969,-0.0414596233325716,0.0002578473686783,"(-0.05,0.0)"
143,2024-03-21 00:00:00+05:30,343.9643116817654,338.2731628417969,-0.0165457538665638,-0.0220230630051616,"(-0.05,0.0)"
144,2024-03-22 00:00:00+05:30,337.67411965846605,344.01422119140625,0.0187757993989967,-0.0006535093660368,"(0.0,0.05)"
145,2024-03-26 00:00:00+05:30,345.71159506300825,345.7615051269531,0.0001443690771661,-0.0079261639545833,"(0.0,0.05)"
146,2024-03-27 00:00:00+05:30,347.4588573947455,349.9050598144531,0.0070402649627334,-0.0092460429683035,"(0.0,0.05)"
147,2024-03-28 00:00:00+05:30,354.39808359866765,353.2498474121094,-0.0032399616129374,-0.0112654392796156,"(-0.05,0.0)"
148,2024-04-01 00:00:00+05:30,356.4448656367116,356.29510498046875,-0.0004201509705444,0.0059618442935564,"(-0.05,0.0)"
149,2024-04-02 00:00:00+05:30,358.5915250621458,356.5946350097656,-0.0055687039788074,-0.0110482224303198,"(-0.05,0.0)"
150,2024-04-03 00:00:00+05:30,355.9456518367669,356.5946350097656,0.0018232647867724,-0.0216615558152859,"(0.0,0.05)"
151,2024-04-04 00:00:00+05:30,358.9409870618477,360.7881164550781,0.0051460531391255,-0.0383266186424595,"(0.0,0.05)"
152,2024-04-05 00:00:00+05:30,360.88797158989377,372.4699096679688,0.0320928902868409,-0.0007032348804499,"(0.0,0.05)"
153,2024-04-08 00:00:00+05:30,375.7148678441889,368.67584228515625,-0.018735019988487,-0.0324930142955619,"(-0.05,0.0)"
154,2024-04-09 00:00:00+05:30,370.5229556368837,367.0783081054688,-0.0092967182707855,0.0057803468208092,"(-0.05,0.0)"
155,2024-04-10 00:00:00+05:30,370.37319577399296,369.7241821289063,-0.001752323473977,-0.0189655347802172,"(-0.05,0.0)"
156,2024-04-12 00:00:00+05:30,369.8739870789725,371.7710266113281,0.0051288806421268,0.0263502328470247,"(0.0,0.05)"
157,2024-04-15 00:00:00+05:30,361.9363181919127,353.8489074707031,-0.0223448444234913,-0.0014110342638288,"(-0.05,0.0)"
158,2024-04-16 00:00:00+05:30,364.4324493820201,361.287353515625,-0.0086301202643406,-0.0051857213833655,"(-0.05,0.0)"
159,2024-04-18 00:00:00+05:30,369.2749160300544,377.6119384765625,0.022576736422112,0.0009809588438626,"(0.0,0.05)"
160,2024-04-19 00:00:00+05:30,378.3108065560888,369.4246520996094,-0.0234890315118765,-0.0122860631061704,"(-0.05,0.0)"
161,2024-04-22 00:00:00+05:30,377.2125309631277,382.1548461914063,0.0131022031947335,-0.0039007910846834,"(0.0,0.05)"
162,2024-04-23 00:00:00+05:30,387.2469206407184,387.3467712402344,0.0002578473686783,0.0278010963305832,"(0.0,0.05)"
163,2024-04-24 00:00:00+05:30,389.8927857291204,381.30615234375,-0.0220230630051616,-0.0073359102812195,"(-0.05,0.0)"
164,2024-04-25 00:00:00+05:30,381.9551471547435,381.7055358886719,-0.0006535093660368,-0.0226625209034428,"(-0.05,0.0)"
165,2024-04-26 00:00:00+05:30,384.2016478402939,381.1564025878906,-0.0079261639545833,-0.0114958279681006,"(-0.05,0.0)"
166,2024-04-29 00:00:00+05:30,383.3529697096497,379.8084716796875,-0.0092460429683035,-0.0150810601931377,"(-0.05,0.0)"
167,2024-04-30 00:00:00+05:30,381.1064726963701,376.8131408691406,-0.0112654392796156,0.0010072688837004,"(-0.05,0.0)"
168,2024-05-02 00:00:00+05:30,376.8131604747212,379.0596618652344,0.0059618442935564,-0.0297225466903024,"(0.0,0.05)"
169,2024-05-03 00:00:00+05:30,379.5588682826561,375.3654174804688,-0.0110482224303198,-0.0217032799353966,"(-0.05,0.0)"
170,2024-05-06 00:00:00+05:30,377.9613707324396,369.7741394042969,-0.0216615558152859,-0.0754272079269904,"(-0.05,0.0)"
171,2024-05-07 00:00:00+05:30,369.9238723441869,355.7459411621094,-0.0383266186424595,0.0204081448444926,"(-0.05,0.0)"
172,2024-05-08 00:00:00+05:30,354.9472125789634,354.6976013183594,-0.0007032348804499,-0.0072463422483572,"(-0.05,0.0)"
173,2024-05-09 00:00:00+05:30,356.4448837420736,344.8629150390625,-0.0324930142955619,0.0089999825613839,"(-0.05,0.0)"
174,2024-05-10 00:00:00+05:30,345.4619722914422,347.4588623046875,0.0057803468208092,-0.0179397165984145,"(0.0,0.05)"
175,2024-05-13 00:00:00+05:30,347.4588841775651,340.869140625,-0.0189655347802172,-0.0034144605643785,"(-0.05,0.0)"
176,2024-05-14 00:00:00+05:30,342.9159584277646,351.9518737792969,0.0263502328470247,0.0241203182384186,"(0.0,0.05)"
177,2024-05-15 00:00:00+05:30,353.798996676741,353.2997741699219,-0.0014110342638288,-0.0115068827589897,"(-0.05,0.0)"
178,2024-05-16 00:00:00+05:30,356.1952739801828,354.34814453125,-0.0051857213833655,-0.0136740668702521,"(-0.05,0.0)"
179,2024-05-17 00:00:00+05:30,356.2451731565743,356.5946350097656,0.0009809588438626,0.0141042270149913,"(0.0,0.05)"
180,2024-05-21 00:00:00+05:30,361.6368183577961,357.1937255859375,-0.0122860631061704,-0.0145784292970103,"(-0.05,0.0)"
181,2024-05-22 00:00:00+05:30,358.3419087196772,356.944091796875,-0.0039007910846834,0.0165969657099894,"(-0.05,0.0)"
182,2024-05-23 00:00:00+05:30,357.34347477149123,367.2780151367188,0.0278010963305832,-0.0144847988012487,"(0.0,0.05)"
183,2024-05-24 00:00:00+05:30,367.4776741168128,364.7818908691406,-0.0073359102812195,-0.0036455925078406,"(-0.05,0.0)"
184,2024-05-27 00:00:00+05:30,367.87709186435177,359.5400695800781,-0.0226625209034428,0.0080045111676082,"(-0.05,0.0)"
185,2024-05-28 00:00:00+05:30,360.4386456438456,356.29510498046875,-0.0114958279681006,-0.007520925367775,"(-0.05,0.0)"
186,2024-05-29 00:00:00+05:30,354.19837648927137,348.856689453125,-0.0150810601931377,-0.0079988091035061,"(-0.05,0.0)"
187,2024-05-30 00:00:00+05:30,346.90975438996645,347.2591857910156,0.0010072688837004,0.0030812495896796,"(0.0,0.05)"
188,2024-05-31 00:00:00+05:30,354.398085065871,343.8644714355469,-0.0297225466903024,-0.0145211173370605,"(-0.05,0.0)"
189,2024-06-03 00:00:00+05:30,363.43400511711474,355.5462951660156,-0.0217032799353966,0.00028499887505,"(-0.05,0.0)"
190,2024-06-04 00:00:00+05:30,359.3903087670183,332.2825012207031,-0.0754272079269904,-0.0038287183214604,"(-0.1,-0.05)"
191,2024-06-05 00:00:00+05:30,337.5742669582826,344.4635314941406,0.0204081448444926,-0.0032670281150124,"(0.0,0.05)"
192,2024-06-06 00:00:00+05:30,351.35281596731386,348.8067932128906,-0.0072463422483572,0.0047028469938164,"(-0.05,0.0)"
193,2024-06-07 00:00:00+05:30,349.4557648064698,352.6008605957031,0.0089999825613839,-0.0120533179989574,"(0.0,0.05)"
194,2024-06-10 00:00:00+05:30,356.1952791785628,349.80523681640625,-0.0179397165984145,0.0044489619337002,"(-0.05,0.0)"
195,2024-06-11 00:00:00+05:30,350.90352956438005,349.70538330078125,-0.0034144605643785,-0.0060000174386161,"(-0.05,0.0)"
196,2024-06-12 00:00:00+05:30,351.8520233756906,360.33880615234375,0.0241203182384186,-0.0030077865717238,"(0.0,0.05)"
197,2024-06-13 00:00:00+05:30,364.4324339274957,360.23895263671875,-0.0115068827589897,-0.0090510021211681,"(-0.05,0.0)"
198,2024-06-14 00:00:00+05:30,361.4370965213635,356.4947814941406,-0.0136740668702521,0.0021156558533145,"(-0.05,0.0)"
199,2024-06-18 00:00:00+05:30,357.49323465275893,362.535400390625,0.0141042270149913,-0.0179717244682646,"(0.0,0.05)"
200,2024-06-19 00:00:00+05:30,362.9846786018006,357.69293212890625,-0.0145784292970103,-0.0243442811002921,"(-0.05,0.0)"
201,2024-06-20 00:00:00+05:30,357.9425407069896,363.88330078125,0.0165969657099894,0.0037042523478503,"(0.0,0.05)"
202,2024-06-21 00:00:00+05:30,365.3310224795172,360.0392761230469,-0.0144847988012487,0.0060471616311762,"(-0.05,0.0)"
203,2024-06-24 00:00:00+05:30,356.0454943452291,354.7474975585937,-0.0036455925078406,-0.0213294018786522,"(-0.05,0.0)"
204,2024-06-25 00:00:00+05:30,355.49634448583174,358.3419189453125,0.0080045111676082,-0.0005970513642723,"(0.0,0.05)"
205,2024-06-26 00:00:00+05:30,358.4417548490232,355.7459411621094,-0.007520925367775,-0.0100676366747275,"(-0.05,0.0)"
206,2024-06-27 00:00:00+05:30,355.7459652076164,352.9004211425781,-0.0079988091035061,0.0074365809642572,"(-0.05,0.0)"
207,2024-06-28 00:00:00+05:30,356.44488671212173,357.5431823730469,0.0030812495896796,-0.0115251481114363,"(0.0,0.05)"
208,2024-07-01 00:00:00+05:30,357.5431838499704,352.35125732421875,-0.0145211173370605,-0.0046835420860394,"(-0.05,0.0)"
209,2024-07-02 00:00:00+05:30,350.3543425217468,350.4541931152344,0.00028499887505,-0.0024286211529807,"(0.0,0.05)"
210,2024-07-03 00:00:00+05:30,352.05173382770494,350.7038269042969,-0.0038287183214604,0.0003042936417857,"(-0.05,0.0)"
211,2024-07-04 00:00:00+05:30,351.4526490449003,350.304443359375,-0.0032670281150124,0.003382032601124,"(-0.05,0.0)"
212,2024-07-05 00:00:00+05:30,350.304445570525,351.9518737792969,0.0047028469938164,0.0207696424426562,"(0.0,0.05)"
213,2024-07-08 00:00:00+05:30,352.0517103082187,347.8083190917969,-0.0120533179989574,-0.017192467530067,"(-0.05,0.0)"
214,2024-07-09 00:00:00+05:30,347.8582451803532,349.4058532714844,0.0044489619337002,0.0447784616977353,"(0.0,0.05)"
215,2024-07-10 00:00:00+05:30,349.45574937936334,347.3590087890625,-0.0060000174386161,-0.011805641968907,"(-0.05,0.0)"
216,2024-07-11 00:00:00+05:30,348.557174651896,347.5087890625,-0.0030077865717238,-0.0149749867561738,"(-0.05,0.0)"
217,2024-07-12 00:00:00+05:30,353.0002427624218,349.80523681640625,-0.0090510021211681,0.0152707459516783,"(-0.05,0.0)"
218,2024-07-15 00:00:00+05:30,353.9487675365472,354.6976013183594,0.0021156558533145,-0.0200030485204964,"(0.0,0.05)"
219,2024-07-16 00:00:00+05:30,350.00488247245164,343.7146911621094,-0.0179717244682646,-0.0182515711872124,"(-0.05,0.0)"
220,2024-07-18 00:00:00+05:30,344.51345835185765,336.12652587890625,-0.0243442811002921,0.0120370181990258,"(-0.05,0.0)"
221,2024-07-19 00:00:00+05:30,336.92528357103185,338.17333984375,0.0037042523478503,-0.0024074264891853,"(0.0,0.05)"
222,2024-07-22 00:00:00+05:30,338.4728532688305,340.5196533203125,0.0060471616311762,0.0015021781307839,"(0.0,0.05)"
223,2024-07-23 00:00:00+05:30,341.717805095137,334.4291687011719,-0.0213294018786522,-0.0145833151681082,"(-0.05,0.0)"
224,2024-07-24 00:00:00+05:30,334.47908962451527,334.2793884277344,-0.0005970513642723,-0.0072288972785673,"(-0.05,0.0)"
225,2024-07-25 00:00:00+05:30,332.2325838105449,328.8877868652344,-0.0100676366747275,-0.0074320695732288,"(-0.05,0.0)"
226,2024-07-26 00:00:00+05:30,328.9377390045058,331.3839111328125,0.0074365809642572,-0.0300120037024085,"(0.0,0.05)"
227,2024-07-29 00:00:00+05:30,333.5305428612417,329.6865539550781,-0.0115251481114363,-0.0142201648210531,"(-0.05,0.0)"
228,2024-07-30 00:00:00+05:30,330.43539494417246,328.8877868652344,-0.0046835420860394,0.004936766656538,"(-0.05,0.0)"
229,2024-07-31 00:00:00+05:30,328.88779414679084,328.08905029296875,-0.0024286211529807,-0.0195032577038636,"(-0.05,0.0)"
230,2024-08-01 00:00:00+05:30,328.13894945288735,328.2388000488281,0.0003042936417857,0.0629143990639457,"(0.0,0.05)"
231,2024-08-02 00:00:00+05:30,324.74423371143587,325.842529296875,0.003382032601124,0.0007138777592395,"(0.0,0.05)"
232,2024-08-05 00:00:00+05:30,310.06709733328046,316.507080078125,0.0207696424426562,0.0063768469769021,"(0.0,0.05)"
233,2024-08-06 00:00:00+05:30,316.50708961912534,311.0655517578125,-0.017192467530067,-0.0103166814087392,"(-0.05,0.0)"
234,2024-08-07 00:00:00+05:30,315.50863583234235,329.6366271972656,0.0447784616977353,-0.0244679659988146,"(0.0,0.05)"
235,2024-08-08 00:00:00+05:30,329.8363122229488,325.9423828125,-0.011805641968907,0.0123145219480247,"(-0.05,0.0)"
236,2024-08-09 00:00:00+05:30,330.03600427550816,325.0937194824219,-0.0149749867561738,0.0228596570851483,"(-0.05,0.0)"
237,2024-08-12 00:00:00+05:30,323.64594187920846,328.5882568359375,0.0152707459516783,-0.0220139192408027,"(0.0,0.05)"
238,2024-08-13 00:00:00+05:30,329.4369416138744,322.8471984863281,-0.0200030485204964,0.0085100598845307,"(-0.05,0.0)"
239,2024-08-14 00:00:00+05:30,325.4930670124277,319.55230712890625,-0.0182515711872124,0.0038505592698619,"(-0.05,0.0)"
240,2024-08-16 00:00:00+05:30,323.496176833314,327.3901062011719,0.0120370181990258,-0.0088068355213512,"(0.0,0.05)"
241,2024-08-19 00:00:00+05:30,331.7832714241858,330.9845275878906,-0.0024074264891853,0.0081708893442027,"(-0.05,0.0)"
242,2024-08-20 00:00:00+05:30,332.3324425117713,332.8316650390625,0.0015021781307839,-0.0099928622412562,"(0.0,0.05)"
243,2024-08-21 00:00:00+05:30,335.4775184259898,330.58514404296875,-0.0145833151681082,-0.0080228876589363,"(-0.05,0.0)"
244,2024-08-22 00:00:00+05:30,331.48375591752585,329.0874938964844,-0.0072288972785673,0.018103413198186,"(-0.05,0.0)"
245,2024-08-23 00:00:00+05:30,329.13739516454547,326.69122314453125,-0.0074320695732288,-0.000705616733315,"(-0.05,0.0)"
246,2024-08-26 00:00:00+05:30,332.68189911853864,322.69744873046875,-0.0300120037024085,-0.0062076233841461,"(-0.05,0.0)"
247,2024-08-28 00:00:00+05:30,326.49151808262326,321.8487548828125,-0.0142201648210531,0.0034164048598753,"(-0.05,0.0)"
248,2024-08-29 00:00:00+05:30,323.596054784599,325.1935729980469,0.004936766656538,-0.0077992057640313,"(0.0,0.05)"
249,2024-08-30 00:00:00+05:30,327.63973704992964,321.24969482421875,-0.0195032577038636,0.025142822265625,"(-0.05,0.0)"
250,2024-09-02 00:00:00+05:30,323.7458021173435,344.11407470703125,0.0629143990639457,-0.0199804213344517,"(0.05,0.1)"
251,2024-09-03 00:00:00+05:30,349.6554485663247,349.9050598144531,0.0007138777592395,-0.003125017339533,"(0.0,0.05)"
252,2024-09-04 00:00:00+05:30,344.4635344838952,346.6601257324219,0.0063768469769021,0.0046525330965758,"(0.0,0.05)"
253,2024-09-05 00:00:00+05:30,348.4073963902566,344.81298828125,-0.0103166814087392,-0.0166908563134977,"(-0.05,0.0)"
254,2024-09-06 00:00:00+05:30,344.8130019582544,336.3761291503906,-0.0244679659988146,-0.0311328566820081,"(-0.05,0.0)"
255,2024-09-09 00:00:00+05:30,336.47596616560827,340.6195068359375,0.0123145219480247,0.0311940662896454,"(0.0,0.05)"
256,2024-09-10 00:00:00+05:30,342.866027098674,350.7038269042969,0.0228596570851483,-0.0193215969144706,"(0.0,0.05)"
257,2024-09-11 00:00:00+05:30,351.502567043758,343.7646179199219,-0.0220139192408027,-0.0037675346731174,"(-0.05,0.0)"
258,2024-09-12 00:00:00+05:30,346.11097139114327,349.056396484375,0.0085100598845307,-0.0056768914324053,"(0.0,0.05)"
259,2024-09-13 00:00:00+05:30,350.05483359406,351.4027404785156,0.0038505592698619,-0.0090379186691418,"(0.0,0.05)"
260,2024-09-16 00:00:00+05:30,351.4526379687136,348.3574523925781,-0.0088068355213512,-0.0137607432511518,"(-0.05,0.0)"
261,2024-09-17 00:00:00+05:30,348.2576055732248,351.1031799316406,0.0081708893442027,-0.0106682648489783,"(0.0,0.05)"
262,2024-09-18 00:00:00+05:30,349.7053730475791,346.2108154296875,-0.0099928622412562,-0.0156950672645739,"(-0.05,0.0)"
263,2024-09-19 00:00:00+05:30,348.45731602934416,345.66168212890625,-0.0080228876589363,-0.0009068106544118,"(-0.05,0.0)"
264,2024-09-20 00:00:00+05:30,347.45886259612865,353.7490539550781,0.018103413198186,-0.0213944468967681,"(0.0,0.05)"
265,2024-09-23 00:00:00+05:30,353.7490619410938,353.4994506835937,-0.000705616733315,-0.0426374287795395,"(-0.05,0.0)"
266,2024-09-24 00:00:00+05:30,353.84890448392895,351.65234375,-0.0062076233841461,-0.0006347617749617,"(-0.05,0.0)"
267,2024-09-25 00:00:00+05:30,350.70383126555,351.9019775390625,0.0034164048598753,0.003970144436297,"(0.0,0.05)"
268,2024-09-26 00:00:00+05:30,352.05172358770176,349.3059997558594,-0.0077992057640313,-0.020761265272829,"(-0.05,0.0)"
269,2024-09-27 00:00:00+05:30,349.45576133279826,358.2420654296875,0.025142822265625,0.0085973963126252,"(0.0,0.05)"
270,2024-09-30 00:00:00+05:30,357.2935696655231,350.1546936035156,-0.0199804213344517,0.0248232329818832,"(-0.05,0.0)"
271,2024-10-01 00:00:00+05:30,351.452665791812,350.3543701171875,-0.003125017339533,0.0087623796511015,"(-0.05,0.0)"
272,2024-10-03 00:00:00+05:30,343.36525036315885,344.9627685546875,0.0046525330965758,0.0019959892788789,"(0.0,0.05)"
273,2024-10-04 00:00:00+05:30,343.9643257394488,338.2232666015625,-0.0166908563134977,-0.021865424759891,"(-0.05,0.0)"
274,2024-10-07 00:00:00+05:30,346.36058709649643,335.577392578125,-0.0311328566820081,0.005864178692853,"(-0.05,0.0)"
275,2024-10-08 00:00:00+05:30,334.47907922696936,344.912841796875,0.0311940662896454,-0.0172782687965883,"(0.0,0.05)"
276,2024-10-09 00:00:00+05:30,348.80676444585094,342.0672607421875,-0.0193215969144706,-0.0288741952048919,"(-0.05,0.0)"
277,2024-10-10 00:00:00+05:30,344.51345099110495,343.2154846191406,-0.0037675346731174,-0.0074721974674582,"(-0.05,0.0)"
278,2024-10-11 00:00:00+05:30,342.9658703920957,341.0188903808594,-0.0056768914324053,-0.0057674408053354,"(-0.05,0.0)"
279,2024-10-14 00:00:00+05:30,342.4666456512271,339.3714599609375,-0.0090379186691418,-0.0327895147690098,"(-0.05,0.0)"
280,2024-10-15 00:00:00+05:30,341.0188755832761,336.3262023925781,-0.0137607432511518,0.0532495643410157,"(-0.05,0.0)"
281,2024-10-16 00:00:00+05:30,336.925279700189,333.33087158203125,-0.0106682648489783,-0.0048385150023878,"(-0.05,0.0)"
282,2024-10-17 00:00:00+05:30,333.9798736919846,328.738037109375,-0.0156950672645739,-0.0007824726134584,"(-0.05,0.0)"
283,2024-10-18 00:00:00+05:30,330.3355320045619,330.0359802246094,-0.0009068106544118,-0.0103969371658052,"(-0.05,0.0)"
284,2024-10-21 00:00:00+05:30,333.68034938653904,326.5414428710937,-0.0213944468967681,-0.0025424688018011,"(-0.05,0.0)"
285,2024-10-22 00:00:00+05:30,327.8394366875785,313.8612060546875,-0.0426374287795395,0.0144427193203001,"(-0.05,0.0)"
286,2024-10-23 00:00:00+05:30,314.56008331447305,314.36041259765625,-0.0006347617749617,0.0127368940082493,"(-0.05,0.0)"
287,2024-10-24 00:00:00+05:30,314.3604336635332,315.6084899902344,0.003970144436297,0.0090491171994824,"(0.0,0.05)"
288,2024-10-25 00:00:00+05:30,317.4056610979012,310.81591796875,-0.020761265272829,-0.0065628628096087,"(-0.05,0.0)"
289,2024-10-28 00:00:00+05:30,313.5616629220539,316.2574768066406,0.0085973963126252,0.0078280515517074,"(0.0,0.05)"
290,2024-10-29 00:00:00+05:30,317.75514284126285,325.6428527832031,0.0248232329818832,0.0101087078253067,"(0.0,0.05)"
291,2024-10-31 00:00:00+05:30,319.05309057434283,321.8487548828125,0.0087623796511015,0.0277945988127831,"(0.0,0.05)"
292,2024-11-01 00:00:00+05:30,325.1436193607226,325.7926025390625,0.0019959892788789,0.0092105084692525,"(0.0,0.05)"
293,2024-11-04 00:00:00+05:30,326.49153727585895,319.3526611328125,-0.021865424759891,-0.0140011726009585,"(-0.05,0.0)"
294,2024-11-06 00:00:00+05:30,323.49617959056627,325.3932189941406,0.005864178692853,-0.0112359730690049,"(0.0,0.05)"
295,2024-11-07 00:00:00+05:30,326.4915195132534,320.8503112792969,-0.0172782687965883,-0.006195621855393,"(-0.05,0.0)"
296,2024-11-08 00:00:00+05:30,325.04376330218884,315.65838623046875,-0.0288741952048919,-0.0054920767997466,"(-0.05,0.0)"
297,2024-11-11 00:00:00+05:30,314.01096374445166,311.66461181640625,-0.0074721974674582,0.0255605016232248,"(-0.05,0.0)"
298,2024-11-12 00:00:00+05:30,311.6146936650201,309.8174743652344,-0.0057674408053354,-0.014421011528132,"(-0.05,0.0)"
299,2024-11-13 00:00:00+05:30,309.06865962148424,298.9344482421875,-0.0327895147690098,0.0071154002399063,"(-0.05,0.0)"
300,2024-11-14 00:00:00+05:30,301.87986280659806,317.954833984375,0.0532495643410157,0.0008823170381434,"(0.05,0.1)"
301,2024-11-18 00:00:00+05:30,319.8518683173013,318.30426025390625,-0.0048385150023878,-0.0078010724722831,"(-0.05,0.0)"
302,2024-11-19 00:00:00+05:30,319.0031818100131,318.7535705566406,-0.0007824726134584,-0.0359423921666139,"(-0.05,0.0)"
303,2024-11-21 00:00:00+05:30,316.90645932827704,313.6116027832031,-0.0103969371658052,-0.0180307309816584,"(-0.05,0.0)"
304,2024-11-22 00:00:00+05:30,314.16071280519947,313.3619689941406,-0.0025424688018011,-0.0354767556983382,"(-0.05,0.0)"
305,2024-11-25 00:00:00+05:30,318.00474198384654,322.5975952148437,0.0144427193203001,-0.0135944717303224,"(0.0,0.05)"
306,2024-11-26 00:00:00+05:30,321.3994418841764,325.4930725097656,0.0127368940082493,-0.0008196721311474,"(0.0,0.05)"
307,2024-11-27 00:00:00+05:30,325.4930820331395,328.4385070800781,0.0090491171994824,0.0016398819613284,"(0.0,0.05)"
308,2024-11-28 00:00:00+05:30,327.0905898766589,324.9439392089844,-0.0065628628096087,-0.0045699163329258,"(-0.05,0.0)"
309,2024-11-29 00:00:00+05:30,325.24346711863296,327.7894897460937,0.0078280515517074,0.0037710898522724,"(0.0,0.05)"
310,2024-12-02 00:00:00+05:30,325.94238729133264,329.2372436523437,0.0101087078253067,-0.0167846174134291,"(0.0,0.05)"
311,2024-12-03 00:00:00+05:30,330.4853137972998,339.6710205078125,0.0277945988127831,0.0180541417127737,"(0.0,0.05)"
312,2024-12-04 00:00:00+05:30,341.4682158732966,344.6133117675781,0.0092105084692525,-0.0045699163329258,"(0.0,0.05)"
313,2024-12-05 00:00:00+05:30,345.8613549069124,341.0188903808594,-0.0140011726009585,0.0011400850277381,"(-0.05,0.0)"
314,2024-12-06 00:00:00+05:30,342.1171822884336,338.2731628417969,-0.0112359730690049,-0.0313571984154981,"(-0.05,0.0)"
315,2024-12-09 00:00:00+05:30,338.422942974437,336.3262023925781,-0.006195621855393,0.007406201977576,"(-0.05,0.0)"
316,2024-12-10 00:00:00+05:30,336.3262249159919,334.4790954589844,-0.0054920767997466,-0.007313769211212,"(-0.05,0.0)"
317,2024-12-11 00:00:00+05:30,333.97987783538605,342.5165710449219,0.0255605016232248,-0.0342237061769618,"(0.0,0.05)"
318,2024-12-12 00:00:00+05:30,342.716271602486,337.7739562988281,-0.014421011528132,-0.0309047376326094,"(-0.05,0.0)"
319,2024-12-13 00:00:00+05:30,336.7754910375425,339.1717834472656,0.0071154002399063,-0.039855681850203,"(0.0,0.05)"
320,2024-12-16 00:00:00+05:30,339.47132217434387,339.7708435058594,0.0008823170381434,0.0226633733519993,"(0.0,0.05)"
321,2024-12-17 00:00:00+05:30,339.1717825625741,336.52587890625,-0.0078010724722831,-0.0148228706183803,"(-0.05,0.0)"
322,2024-12-18 00:00:00+05:30,336.1265094227844,324.0453186035156,-0.0359423921666139,-0.0019833675340057,"(-0.05,0.0)"
323,2024-12-19 00:00:00+05:30,318.4041143492056,312.6630554199219,-0.0180307309816584,-0.0023240056692645,"(-0.05,0.0)"
324,2024-12-20 00:00:00+05:30,315.2091165988573,304.0265197753906,-0.0354767556983382,-0.0093391025880638,"(-0.05,0.0)"
325,2024-12-23 00:00:00+05:30,308.46960436305227,304.276123046875,-0.0135944717303224,-0.0616772086691276,"(-0.05,0.0)"
326,2024-12-24 00:00:00+05:30,304.5257343045016,304.276123046875,-0.0008196721311474,0.0024790002525672,"(-0.05,0.0)"
327,2024-12-26 00:00:00+05:30,304.4258873420676,304.92510986328125,0.0016398819613284,-0.0323129936255632,"(0.0,0.05)"
328,2024-12-27 00:00:00+05:30,305.8736470536069,304.475830078125,-0.0045699163329258,-0.0458984375,"(-0.05,0.0)"
329,2024-12-30 00:00:00+05:30,304.475817770842,305.6240234375,0.0037710898522724,-0.0434514899665096,"(0.0,0.05)"
330,2024-12-31 00:00:00+05:30,303.3775373215518,298.28546142578125,-0.0167846174134291,-0.0162309902793409,"(-0.05,0.0)"
331,2025-01-01 00:00:00+05:30,298.63492256305403,304.0265197753906,0.0180541417127737,0.0103901480769042,"(0.0,0.05)"
332,2025-01-02 00:00:00+05:30,305.8736470536069,304.475830078125,-0.0045699163329258,-0.027754751937215,"(-0.05,0.0)"
333,2025-01-03 00:00:00+05:30,306.52263895873847,306.8721008300781,0.0011400850277381,0.0172413405891932,"(0.0,0.05)"
334,2025-01-06 00:00:00+05:30,305.67394575498736,296.0888671875,-0.0313571984154981,-0.0108606307232965,"(-0.05,0.0)"
335,2025-01-07 00:00:00+05:30,296.58807676806487,298.78466796875,0.007406201977576,-0.0262008863868433,"(0.0,0.05)"
336,2025-01-08 00:00:00+05:30,300.3322418559641,298.1356811523437,-0.007313769211212,0.036590564207295,"(-0.05,0.0)"
337,2025-01-09 00:00:00+05:30,299.034293739365,288.8002319335937,-0.0342237061769618,0.0105178241731937,"(-0.05,0.0)"
338,2025-01-10 00:00:00+05:30,289.1496877662642,280.2135925292969,-0.0309047376326094,-0.0059512000866428,"(-0.05,0.0)"
339,2025-01-13 00:00:00+05:30,276.8188768637561,265.7860717773437,-0.039855681850203,-0.0024004434969078,"(-0.05,0.0)"
340,2025-01-14 00:00:00+05:30,266.5349200830928,272.57550048828125,0.0226633733519993,-0.0274274518659284,"(0.0,0.05)"
341,2025-01-15 00:00:00+05:30,276.1698940357176,272.0762634277344,-0.0148228706183803,-0.0268151821933452,"(-0.05,0.0)"
342,2025-01-16 00:00:00+05:30,276.86880422834486,276.3196716308594,-0.0019833675340057,-0.0262876425591275,"(-0.05,0.0)"
343,2025-01-17 00:00:00+05:30,279.2651025487385,278.6160888671875,-0.0023240056692645,-0.0030607650091074,"(-0.05,0.0)"
344,2025-01-20 00:00:00+05:30,277.96708741303377,275.3711242675781,-0.0093391025880638,-0.0405784336030887,"(-0.05,0.0)"
345,2025-01-21 00:00:00+05:30,276.81890048735454,259.7454833984375,-0.0616772086691276,-0.0006738955577731,"(-0.1,-0.05)"
346,2025-01-22 00:00:00+05:30,261.79230099938985,262.4412841796875,0.0024790002525672,-0.0127346115489395,"(0.0,0.05)"
347,2025-01-23 00:00:00+05:30,264.18856358089715,255.6518402099609,-0.0323129936255632,0.03480224609375,"(-0.05,0.0)"
348,2025-01-24 00:00:00+05:30,255.60192233879224,243.8701934814453,-0.0458984375,0.0308871984742946,"(-0.05,0.0)"
349,2025-01-27 00:00:00+05:30,243.57066019730885,232.98715209960932,-0.0434514899665096,-0.0086956651188029,"(-0.05,0.0)"
350,2025-01-28 00:00:00+05:30,236.8311562952832,232.98715209960932,-0.0162309902793409,-0.0112554376775567,"(-0.05,0.0)"
351,2025-01-29 00:00:00+05:30,235.4333445482544,237.8795318603516,0.0103901480769042,-0.0122244183123852,"(0.0,0.05)"
352,2025-01-30 00:00:00+05:30,241.0246313439443,234.3350524902344,-0.027754751937215,-0.0342048196231616,"(-0.05,0.0)"
353,2025-01-31 00:00:00+05:30,237.43023395747207,241.5238494873047,0.0172413405891932,-0.0554797511908308,"(0.0,0.05)"
354,2025-02-01 00:00:00+05:30,243.62058944507828,240.97471618652344,-0.0108606307232965,-0.0467267834958102,"(-0.05,0.0)"
355,2025-02-03 00:00:00+05:30,240.07611083484304,233.7859039306641,-0.0262008863868433,0.031750030517578,"(-0.05,0.0)"
356,2025-02-04 00:00:00+05:30,236.0324018175808,244.66896057128903,0.036590564207295,0.0477683662074034,"(0.0,0.05)"
357,2025-02-05 00:00:00+05:30,246.81561210605216,249.4115753173828,0.0105178241731937,-0.0081245905076212,"(0.0,0.05)"
358,2025-02-06 00:00:00+05:30,251.65806790615247,250.160400390625,-0.0059512000866428,0.0045259109020682,"(-0.05,0.0)"
359,2025-02-07 00:00:00+05:30,249.5613381647146,248.9622802734375,-0.0024004434969078,-0.0313269192016207,"(-0.05,0.0)"
360,2025-02-10 00:00:00+05:30,249.3616476797657,242.5222930908203,-0.0274274518659284,0.0104578204221679,"(-0.05,0.0)"
361,2025-02-11 00:00:00+05:30,242.0230651956347,235.53317260742188,-0.0268151821933452,0.0231397742502251,"(-0.05,0.0)"
362,2025-02-12 00:00:00+05:30,233.58621648824283,227.4457855224609,-0.0262876425591275,-0.0237205975895604,"(-0.05,0.0)"
363,2025-02-13 00:00:00+05:30,228.3443704953717,227.6454620361328,-0.0030607650091074,-0.0170174787273828,"(-0.05,0.0)"
364,2025-02-14 00:00:00+05:30,231.2897806955508,221.90440368652344,-0.0405784336030887,0.014642937799895,"(-0.05,0.0)"
365,2025-02-17 00:00:00+05:30,222.2538713555888,222.1040954589844,-0.0006738955577731,0.0117204503535978,"(-0.05,0.0)"
366,2025-02-18 00:00:00+05:30,223.45200453124824,220.6064300537109,-0.0127346115489395,0.0028145016837525,"(-0.05,0.0)"
367,2025-02-19 00:00:00+05:30,220.9059702020738,228.593994140625,0.03480224609375,-0.0139875184619193,"(0.0,0.05)"
368,2025-02-20 00:00:00+05:30,227.89507222179964,234.93411254882807,0.0308871984742946,0.0010759629586092,"(0.0,0.05)"
369,2025-02-21 00:00:00+05:30,235.38342431911488,233.33660888671875,-0.0086956651188029,-0.0306774479840746,"(-0.05,0.0)"
370,2025-02-24 00:00:00+05:30,230.64080883075047,228.0448455810547,-0.0112554376775567,-0.024775308395813,"(-0.05,0.0)"
371,2025-02-25 00:00:00+05:30,228.69384255624936,225.898193359375,-0.0122244183123852,0.0166516516609315,"(-0.05,0.0)"
372,2025-02-27 00:00:00+05:30,229.1431277207148,221.30532836914065,-0.0342048196231616,0.0017620876497109,"(-0.05,0.0)"
373,2025-02-28 00:00:00+05:30,219.55805572236468,207.3770294189453,-0.0554797511908308,0.0185676260163841,"(-0.1,-0.05)"
374,2025-03-03 00:00:00+05:30,210.4722171903573,200.6375274658203,-0.0467267834958102,-0.0049783285562094,"(-0.05,0.0)"
375,2025-03-04 00:00:00+05:30,199.6890120601738,206.02914428710932,0.031750030517578,0.0163175168610459,"(0.0,0.05)"
376,2025-03-05 00:00:00+05:30,206.92773245112727,216.8123321533203,0.0477683662074034,-0.0292512414711831,"(0.0,0.05)"
377,2025-03-06 00:00:00+05:30,221.2054987733016,219.4082946777344,-0.0081245905076212,0.0667000075474402,"(-0.05,0.0)"
378,2025-03-07 00:00:00+05:30,220.60642861688308,221.60487365722656,0.0045259109020682,0.0364223576651815,"(0.0,0.05)"
379,2025-03-10 00:00:00+05:30,223.10253362360515,216.1134185791016,-0.0313269192016207,-0.0173487949391863,"(-0.05,0.0)"
380,2025-03-11 00:00:00+05:30,214.8154492910011,217.0619506835937,0.0104578204221679,0.0129841416719483,"(0.0,0.05)"
381,2025-03-12 00:00:00+05:30,220.05727730831023,225.1493530273437,0.0231397742502251,0.012083912533272,"(0.0,0.05)"
382,2025-03-13 00:00:00+05:30,227.29600065169885,221.90440368652344,-0.0237205975895604,0.009375,"(-0.05,0.0)"
383,2025-03-17 00:00:00+05:30,222.95278569400853,219.15869140625,-0.0170174787273828,0.0152420059659822,"(-0.05,0.0)"
384,2025-03-18 00:00:00+05:30,221.6048765742172,224.84982299804688,0.014642937799895,-0.015984015984016,"(0.0,0.05)"
385,2025-03-19 00:00:00+05:30,225.7484291123501,228.3943023681641,0.0117204503535978,0.0228524414404669,"(0.0,0.05)"
386,2025-03-20 00:00:00+05:30,230.59088498879265,231.2398834228516,0.0028145016837525,0.0282811820689871,"(0.0,0.05)"
387,2025-03-21 00:00:00+05:30,231.9887054557931,228.74375915527344,-0.0139875184619193,0.0021306152374631,"(-0.05,0.0)"
388,2025-03-24 00:00:00+05:30,231.9887157613926,232.2383270263672,0.0010759629586092,-0.0212765957446806,"(0.0,0.05)"
389,2025-03-25 00:00:00+05:30,234.33504127390108,227.146240234375,-0.0306774479840746,0.0205777483618535,"(-0.05,0.0)"
390,2025-03-26 00:00:00+05:30,227.6953922648389,222.05416870117188,-0.024775308395813,-0.0017442333605863,"(-0.05,0.0)"
391,2025-03-27 00:00:00+05:30,221.8544778292461,225.54872131347656,0.0166516516609315,0.0203802168584058,"(0.0,0.05)"
392,2025-03-28 00:00:00+05:30,226.647030045053,227.04640197753903,0.0017620876497109,-0.0090020137744699,"(0.0,0.05)"
393,2025-04-01 00:00:00+05:30,225.8482666367266,230.041732788086,0.0185676260163841,0.0061752453331722,"(0.0,0.05)"
394,2025-04-02 00:00:00+05:30,230.64080519402927,229.4925994873047,-0.0049783285562094,-0.0289855072463768,"(-0.05,0.0)"
395,2025-04-03 00:00:00+05:30,226.3974158947388,230.09165954589844,0.0163175168610459,0.0487205481944089,"(0.0,0.05)"
396,2025-04-04 00:00:00+05:30,228.69383581659065,222.00425720214844,-0.0292512414711831,-0.0179793081640753,"(-0.05,0.0)"
397,2025-04-07 00:00:00+05:30,199.8387672429887,213.1680145263672,0.0667000075474402,0.0184729059410934,"(0.05,0.1)"
398,2025-04-08 00:00:00+05:30,216.56271479781623,224.450439453125,0.0364223576651815,0.0113482652468725,"(0.0,0.05)"
399,2025-04-09 00:00:00+05:30,224.4504480938878,220.55650329589844,-0.0173487949391863,0.016536804050108,"(-0.05,0.0)"
400,2025-04-11 00:00:00+05:30,226.8467045086575,229.7921142578125,0.0129841416719483,-0.0046511627906976,"(0.0,0.05)"
401,2025-04-15 00:00:00+05:30,235.48326769442832,238.32882690429688,0.012083912533272,0.022238880502717,"(0.0,0.05)"
402,2025-04-16 00:00:00+05:30,239.6268049777477,241.8733062744141,0.009375,0.0096698578073444,"(0.0,0.05)"
403,2025-04-17 00:00:00+05:30,242.3725289290113,246.0667724609375,0.0152420059659822,-0.0096496848007403,"(0.0,0.05)"
404,2025-04-21 00:00:00+05:30,249.8608761860029,245.8670959472656,-0.015984015984016,-0.0214491053365827,"(-0.05,0.0)"
405,2025-04-22 00:00:00+05:30,244.66895566580783,250.2602386474609,0.0228524414404669,0.0106833441373088,"(0.0,0.05)"
406,2025-04-23 00:00:00+05:30,250.6596154518909,257.7485656738281,0.0282811820689871,0.0020069999454345,"(0.0,0.05)"
407,2025-04-24 00:00:00+05:30,257.7485664690343,258.2977294921875,0.0021306152374631,0.025851105994168,"(0.0,0.05)"
408,2025-04-25 00:00:00+05:30,258.0980456808339,252.60659790039065,-0.0212765957446806,-0.0024783578572413,"(-0.05,0.0)"
409,2025-04-28 00:00:00+05:30,252.3070513889408,257.4989624023437,0.0205777483618535,0.0410714285714284,"(0.0,0.05)"
410,2025-04-29 00:00:00+05:30,257.59881806735507,257.1495056152344,-0.0017442333605863,-0.0222409641230517,"(-0.05,0.0)"
411,2025-04-30 00:00:00+05:30,254.7532337626465,259.9451599121094,0.0203802168584058,-0.0140411167928616,"(0.0,0.05)"
412,2025-05-02 00:00:00+05:30,260.6440508279746,258.2977294921875,-0.0090020137744699,-0.0064124994922552,"(-0.05,0.0)"
413,2025-05-05 00:00:00+05:30,258.69712897836814,260.2946472167969,0.0061752453331722,-0.0003488787917146,"(0.0,0.05)"
414,2025-05-06 00:00:00+05:30,258.3476516951376,250.8593139648437,-0.0289855072463768,-0.0145833757188585,"(-0.05,0.0)"
415,2025-05-07 00:00:00+05:30,243.870203712434,255.751693725586,0.0487205481944089,0.0239773894450719,"(0.0,0.05)"
416,2025-05-08 00:00:00+05:30,255.4521672001155,250.8593139648437,-0.0179793081640753,-0.0010285166197866,"(-0.05,0.0)"
417,2025-05-09 00:00:00+05:30,243.22121550278703,247.71421813964844,0.0184729059410934,0.0046138280087323,"(0.0,0.05)"
418,2025-05-12 00:00:00+05:30,259.54578599672305,262.4911804199219,0.0113482652468725,0.0269905538621364,"(0.0,0.05)"
419,2025-05-13 00:00:00+05:30,262.6409499693538,266.98419189453125,0.016536804050108,-0.0109477323644301,"(0.0,0.05)"
420,2025-05-14 00:00:00+05:30,268.3321016971196,267.08404541015625,-0.0046511627906976,-0.0094895086340476,"(-0.05,0.0)"
421,2025-05-15 00:00:00+05:30,267.1339471033984,273.07470703125,0.022238880502717,-0.0279329620143888,"(0.0,0.05)"
422,2025-05-16 00:00:00+05:30,273.62384123559923,276.2697448730469,0.0096698578073444,0.0235027845163677,"(0.0,0.05)"
423,2025-05-19 00:00:00+05:30,279.3649117608476,276.66912841796875,-0.0096496848007403,0.0008504847410039,"(-0.05,0.0)"
424,2025-05-20 00:00:00+05:30,276.96865340581724,271.0279235839844,-0.0214491053365827,-0.0166271605398515,"(-0.05,0.0)"
425,2025-05-21 00:00:00+05:30,271.0279163774284,273.92340087890625,0.0106833441373088,-0.0034602076124568,"(0.0,0.05)"
426,2025-05-22 00:00:00+05:30,273.6238411162008,274.1730041503906,0.0020069999454345,-0.0169520640145952,"(0.0,0.05)"
427,2025-05-23 00:00:00+05:30,274.22292377977584,281.3118896484375,0.025851105994168,0.0373897922522597,"(0.0,0.05)"
428,2025-05-26 00:00:00+05:30,282.0108133635641,281.3118896484375,-0.0024783578572413,0.0141868723305037,"(-0.05,0.0)"
429,2025-05-27 00:00:00+05:30,279.5646047183212,291.0467224121094,0.0410714285714284,0.01279252134895,"(0.0,0.05)"
430,2025-05-28 00:00:00+05:30,296.28856537403885,289.6988220214844,-0.0222409641230517,-0.0023030504323667,"(-0.05,0.0)"
431,2025-05-29 00:00:00+05:30,291.54596245224803,287.45233154296875,-0.0140411167928616,0.0262812094625747,"(-0.05,0.0)"
432,2025-05-30 00:00:00+05:30,288.05138350083314,286.2042541503906,-0.0064124994922552,0.0309064250464084,"(-0.05,0.0)"
433,2025-06-02 00:00:00+05:30,286.2042512281177,286.1044006347656,-0.0003488787917146,-0.0015274171091413,"(-0.05,0.0)"
434,2025-06-03 00:00:00+05:30,287.5521851683704,283.35870361328125,-0.0145833757188585,0.0048773240757606,"(-0.05,0.0)"
435,2025-06-04 00:00:00+05:30,283.1590114017084,289.94842529296875,0.0239773894450719,-0.0108991090492983,"(0.0,0.05)"
436,2025-06-05 00:00:00+05:30,291.24642068060774,290.9468688964844,-0.0010285166197866,-0.0058139350289328,"(-0.05,0.0)"
437,2025-06-06 00:00:00+05:30,292.1450130779246,293.492919921875,0.0046138280087323,-0.0041366817167682,"(0.0,0.05)"
438,2025-06-09 00:00:00+05:30,295.93910588253067,303.9266662597656,0.0269905538621364,0.0104744110676327,"(0.0,0.05)"
439,2025-06-10 00:00:00+05:30,305.5241792697259,302.17938232421875,-0.0109477323644301,-0.0018215121877148,"(-0.05,0.0)"
440,2025-06-11 00:00:00+05:30,305.12479344387896,302.22930908203125,-0.0094895086340476,0.0013662719936665,"(-0.05,0.0)"
441,2025-06-12 00:00:00+05:30,303.8268095866043,295.34002685546875,-0.0279329620143888,0.0039358715064855,"(-0.05,0.0)"
442,2025-06-13 00:00:00+05:30,286.7534161722464,293.492919921875,0.0235027845163677,-0.0168980271775889,"(0.0,0.05)"
443,2025-06-16 00:00:00+05:30,293.4929424417984,293.7425537109375,0.0008504847410039,-0.0180055592902826,"(0.0,0.05)"
444,2025-06-17 00:00:00+05:30,294.2417703881489,289.349365234375,-0.0166271605398515,0.0017153230033257,"(-0.05,0.0)"
445,2025-06-18 00:00:00+05:30,288.5506301456027,287.5521850585937,-0.0034602076124568,-0.0054457755306102,"(-0.05,0.0)"
446,2025-06-19 00:00:00+05:30,288.6005351468464,283.7081604003906,-0.0169520640145952,-0.0059374809265136,"(-0.05,0.0)"
447,2025-06-20 00:00:00+05:30,283.05917639481464,293.6427001953125,0.0373897922522597,-0.0156953777559246,"(0.0,0.05)"
448,2025-06-23 00:00:00+05:30,288.5506257040466,292.6442565917969,0.0141868723305037,-0.0039240309147724,"(0.0,0.05)"
449,2025-06-24 00:00:00+05:30,296.58809264147703,300.3822021484375,0.01279252134895,-0.0214106365864821,"(0.0,0.05)"
450,2025-06-25 00:00:00+05:30,303.47736606193496,302.7784423828125,-0.0023030504323667,0.0096323643680122,"(-0.05,0.0)"
451,2025-06-26 00:00:00+05:30,303.92665500640754,311.9142150878906,0.0262812094625747,0.0033302199530574,"(0.0,0.05)"
452,2025-06-27 00:00:00+05:30,313.36197655908234,323.046875,0.0309064250464084,-0.0161265015130929,"(0.0,0.05)"
453,2025-06-30 00:00:00+05:30,326.84098887579944,326.3417663574219,-0.0015274171091413,-0.0126928407843488,"(-0.05,0.0)"
454,2025-07-01 00:00:00+05:30,327.53987203308026,329.13739013671875,0.0048773240757606,0.0459433248091607,"(0.0,0.05)"
455,2025-07-02 00:00:00+05:30,329.7863944779526,326.1920166015625,-0.0108991090492983,-0.010506779457219,"(-0.05,0.0)"
456,2025-07-03 00:00:00+05:30,326.2918148023585,324.394775390625,-0.0058139350289328,0.0358490374103281,"(-0.05,0.0)"
457,2025-07-04 00:00:00+05:30,325.8425357665007,324.49462890625,-0.0041366817167682,-0.0009102497117449,"(-0.05,0.0)"
458,2025-07-07 00:00:00+05:30,324.0952528137572,327.4899597167969,0.0104744110676327,0.0150638514835992,"(0.0,0.05)"
459,2025-07-08 00:00:00+05:30,328.8877999426268,328.2887268066406,-0.0018215121877148,-0.0061221988149318,"(-0.05,0.0)"
460,2025-07-09 00:00:00+05:30,328.83788841276146,329.28717041015625,0.0013662719936665,-0.0201080791163603,"(0.0,0.05)"
461,2025-07-10 00:00:00+05:30,329.7863842704387,331.0843811035156,0.0039358715064855,0.0105622676637196,"(0.0,0.05)"
462,2025-07-11 00:00:00+05:30,330.8846635152436,325.2933654785156,-0.0168980271775889,-0.0107675746237197,"(-0.05,0.0)"
463,2025-07-14 00:00:00+05:30,324.3947728412414,318.5538635253906,-0.0180055592902826,0.0211837625949182,"(-0.05,0.0)"
464,2025-07-15 00:00:00+05:30,320.1513984651034,320.7005615234375,0.0017153230033257,-0.002744720686907,"(0.0,0.05)"
465,2025-07-16 00:00:00+05:30,320.8503060896418,319.10302734375,-0.0054457755306102,0.0094685588311152,"(-0.05,0.0)"
466,2025-07-17 00:00:00+05:30,319.5024167024112,317.6053771972656,-0.0059374809265136,-0.0099819063811922,"(-0.05,0.0)"
467,2025-07-18 00:00:00+05:30,321.2496852122056,316.2075500488281,-0.0156953777559246,-0.0036287032438329,"(-0.05,0.0)"
468,2025-07-21 00:00:00+05:30,318.0546664511639,316.8066101074219,-0.0039240309147724,0.0027243647036663,"(-0.05,0.0)"
469,2025-07-22 00:00:00+05:30,317.1061560932297,310.31671142578125,-0.0214106365864821,-0.0060450354030649,"(-0.05,0.0)"
470,2025-07-23 00:00:00+05:30,310.9657244068627,313.9610595703125,0.0096323643680122,-0.0162515367713627,"(0.0,0.05)"
471,2025-07-24 00:00:00+05:30,314.8097076917475,315.85809326171875,0.0033302199530574,-0.0132286969833929,"(0.0,0.05)"
472,2025-07-25 00:00:00+05:30,315.75824401273354,310.6661682128906,-0.0161265015130929,-0.0068364877964771,"(-0.05,0.0)"
473,2025-07-28 00:00:00+05:30,310.7161175233075,306.7722473144531,-0.0126928407843488,-0.012046326752161,"(-0.05,0.0)"
474,2025-07-29 00:00:00+05:30,306.4227734812161,320.5008544921875,0.0459433248091607,-0.0166481683792219,"(0.0,0.05)"
475,2025-07-30 00:00:00+05:30,323.096825003562,319.7021179199219,-0.010506779457219,0.0045131974255049,"(-0.05,0.0)"
476,2025-07-31 00:00:00+05:30,317.5055196145854,328.8877868652344,0.0358490374103281,0.0065704736954126,"(0.0,0.05)"
477,2025-08-01 00:00:00+05:30,329.0874851380952,328.7879333496094,-0.0009102497117449,-0.0087523866746,"(-0.05,0.0)"
478,2025-08-04 00:00:00+05:30,328.0890567287779,333.0313415527344,0.0150638514835992,0.0069031748666466,"(0.0,0.05)"
479,2025-08-05 00:00:00+05:30,334.32933186001344,332.2825012207031,-0.0061221988149318,-0.0184126596602182,"(-0.05,0.0)"
480,2025-08-06 00:00:00+05:30,332.68190360865674,325.9923095703125,-0.0201080791163603,-0.0022576414030389,"(-0.05,0.0)"
481,2025-08-07 00:00:00+05:30,321.3994518976313,324.7941589355469,0.0105622676637196,0.0014490813869593,"(0.0,0.05)"
482,2025-08-08 00:00:00+05:30,324.5445454043311,321.04998779296875,-0.0107675746237197,-0.0113909445290985,"(-0.05,0.0)"
483,2025-08-11 00:00:00+05:30,321.0,327.79998779296875,0.0211837625949182,0.0016149870482651,"(0.0,0.05)"
484,2025-08-12 00:00:00+05:30,327.8999938964844,327.0,-0.002744720686907,0.0019348793669979,"(-0.05,0.0)"
485,2025-08-13 00:00:00+05:30,327.3999938964844,330.5,0.0094685588311152,0.000482295487088,"(0.0,0.05)"
486,2025-08-14 00:00:00+05:30,330.6000061035156,327.29998779296875,-0.0099819063811922,0.0123595701557483,"(-0.05,0.0)"
487,2025-08-18 00:00:00+05:30,330.70001220703125,329.5,-0.0036287032438329,-0.0015822784810126,"(-0.05,0.0)"
488,2025-08-19 00:00:00+05:30,330.3500061035156,331.25,0.0027243647036663,0.00031687611401,"(0.0,0.05)"
489,2025-08-20 00:00:00+05:30,330.8500061035156,328.8500061035156,-0.0060450354030649,0.0039556962025316,"(-0.05,0.0)"
490,2025-08-21 00:00:00+05:30,329.20001220703125,323.8500061035156,-0.0162515367713627,-0.0033024635012851,"(-0.05,0.0)"
491,2025-08-22 00:00:00+05:30,325.04998779296875,320.75,-0.0132286969833929,-0.0085294007062763,"(-0.05,0.0)"
492,2025-08-25 00:00:00+05:30,321.79998779296875,319.6000061035156,-0.0068364877964771,-0.004620080225689,"(-0.05,0.0)"
493,2025-08-26 00:00:00+05:30,319.6000061035156,315.75,-0.012046326752161,-0.0254291158448601,"(-0.05,0.0)"
494,2025-08-28 00:00:00+05:30,315.3500061035156,310.1000061035156,-0.0166481683792219,-0.0199870788757868,"(-0.05,0.0)"
495,2025-08-29 00:00:00+05:30,310.20001220703125,311.6000061035156,0.0045131974255049,-0.0182572614107883,"(0.0,0.05)"
496,2025-09-01 00:00:00+05:30,312.0,314.04998779296875,0.0065704736954126,-0.0033829498624902,"(0.0,0.05)"
497,2025-09-02 00:00:00+05:30,314.20001220703125,311.45001220703125,-0.0087523866746,-0.0047513793500237,"(-0.05,0.0)"
498,2025-09-03 00:00:00+05:30,311.45001220703125,313.6000061035156,0.0069031748666466,0.0221427364002625,"(0.0,0.05)"
499,2025-09-04 00:00:00+05:30,315.0,309.20001220703125,-0.0184126596602182,0.0056638755342355,"(-0.05,0.0)"
500,2025-09-05 00:00:00+05:30,310.04998779296875,309.3500061035156,-0.0022576414030389,0.0142431878021874,"(-0.05,0.0)"
501,2025-09-08 00:00:00+05:30,310.54998779296875,311.0,0.0014490813869593,0.0140660373610212,"(0.0,0.05)"
502,2025-09-09 00:00:00+05:30,311.6499938964844,308.1000061035156,-0.0113909445290985,-0.0156704559079664,"(-0.05,0.0)"
503,2025-09-10 00:00:00+05:30,309.6000061035156,310.1000061035156,0.0016149870482651,0.0065520065520065,"(0.0,0.05)"
504,2025-09-11 00:00:00+05:30,310.1000061035156,310.70001220703125,0.0019348793669979,0.0058727171059339,"(0.0,0.05)"
505,2025-09-12 00:00:00+05:30,311.0,311.1499938964844,0.000482295487088,0.0109818267089694,"(0.0,0.05)"
506,2025-09-15 00:00:00+05:30,311.5,315.3500061035156,0.0123595701557483,-0.0094019267281338,"(0.0,0.05)"
507,2025-09-16 00:00:00+05:30,316.0,315.5,-0.0015822784810126,0.0224002824622517,"(-0.05,0.0)"
508,2025-09-17 00:00:00+05:30,315.6000061035156,315.70001220703125,0.00031687611401,-0.0060509359760648,"(0.0,0.05)"
509,2025-09-18 00:00:00+05:30,316.0,317.25,0.0039556962025316,-0.0146543682477183,"(0.0,0.05)"
510,2025-09-19 00:00:00+05:30,317.95001220703125,316.8999938964844,-0.0033024635012851,0.0043647143769667,"(-0.05,0.0)"
511,2025-09-22 00:00:00+05:30,316.54998779296875,313.8500061035156,-0.0085294007062763,0.0020886692512465,"(-0.05,0.0)"
512,2025-09-23 00:00:00+05:30,313.8500061035156,312.3999938964844,-0.004620080225689,-0.0094597150851169,"(-0.05,0.0)"
513,2025-09-24 00:00:00+05:30,314.6000061035156,306.6000061035156,-0.0254291158448601,-0.0106692141067189,"(-0.05,0.0)"
514,2025-09-25 00:00:00+05:30,307.70001220703125,301.54998779296875,-0.0199870788757868,-0.0026117787295162,"(-0.05,0.0)"
515,2025-09-26 00:00:00+05:30,301.25,295.75,-0.0182572614107883,0.0063777995323998,"(-0.05,0.0)"
516,2025-09-29 00:00:00+05:30,295.6000061035156,294.6000061035156,-0.0033829498624902,0.0066622935054986,"(-0.05,0.0)"
517,2025-09-30 00:00:00+05:30,294.6499938964844,293.25,-0.0047513793500237,0.0,"(-0.05,0.0)"
518,2025-10-01 00:00:00+05:30,293.54998779296875,300.04998779296875,0.0221427364002625,-0.0087237874217487,"(0.0,0.05)"
519,2025-10-03 00:00:00+05:30,300.1499938964844,301.8500061035156,0.0056638755342355,0.003600674643259,"(0.0,0.05)"
520,2025-10-06 00:00:00+05:30,301.8999938964844,306.20001220703125,0.0142431878021874,-0.0114603800587708,"(0.0,0.05)"
521,2025-10-07 00:00:00+05:30,305.70001220703125,310.0,0.0140660373610212,-0.0127525875500206,"(0.0,0.05)"
522,2025-10-08 00:00:00+05:30,309.5,304.6499938964844,-0.0156704559079664,0.0085944984430584,"(-0.05,0.0)"
523,2025-10-09 00:00:00+05:30,305.25,307.25,0.0065520065520065,0.0080146728958056,"(0.0,0.05)"
524,2025-10-10 00:00:00+05:30,306.5,308.29998779296875,0.0058727171059339,0.0102700216691482,"(0.0,0.05)"
525,2025-10-13 00:00:00+05:30,305.04998779296875,308.3999938964844,0.0109818267089694,0.0145878130965584,"(0.0,0.05)"
526,2025-10-14 00:00:00+05:30,308.45001220703125,305.54998779296875,-0.0094019267281338,0.0035524176495974,"(-0.05,0.0)"
527,2025-10-15 00:00:00+05:30,305.79998779296875,312.6499938964844,0.0224002824622517,0.0130329454319187,"(0.0,0.05)"
528,2025-10-16 00:00:00+05:30,314.0,312.1000061035156,-0.0060509359760648,-0.0088944977812711,"(-0.05,0.0)"
529,2025-10-17 00:00:00+05:30,313.8999938964844,309.29998779296875,-0.0146543682477183,-0.0167121381695514,"(-0.05,0.0)"
530,2025-10-20 00:00:00+05:30,309.29998779296875,310.6499938964844,0.0043647143769667,-0.0018029431731759,"(0.0,0.05)"
531,2025-10-21 00:00:00+05:30,311.20001220703125,311.8500061035156,0.0020886692512465,0.0103210805062078,"(0.0,0.05)"
532,2025-10-23 00:00:00+05:30,311.8500061035156,308.8999938964844,-0.0094597150851169,-0.0102707019520303,"(-0.05,0.0)"
533,2025-10-24 00:00:00+05:30,309.29998779296875,306.0,-0.0106692141067189,-0.009087904641546,"(-0.05,0.0)"
534,2025-10-27 00:00:00+05:30,306.29998779296875,305.5,-0.0026117787295162,0.0051770819710931,"(-0.05,0.0)"
535,2025-10-28 00:00:00+05:30,305.75,307.70001220703125,0.0063777995323998,0.0186931146285669,"(0.0,0.05)"
536,2025-10-29 00:00:00+05:30,307.70001220703125,309.75,0.0066622935054986,-0.007775778208145,"(0.0,0.05)"
537,2025-10-30 00:00:00+05:30,309.75,309.75,0.0,-0.0017926591096864,"(-0.05,0.0)"
538,2025-10-31 00:00:00+05:30,309.5,306.79998779296875,-0.0087237874217487,-0.0065220937218578,"(-0.05,0.0)"
539,2025-11-03 00:00:00+05:30,305.5,306.6000061035156,0.003600674643259,0.0011495338213338,"(0.0,0.05)"
540,2025-11-04 00:00:00+05:30,305.3999938964844,301.8999938964844,-0.0114603800587708,-0.0121371564144724,"(-0.05,0.0)"
541,2025-11-06 00:00:00+05:30,301.8999938964844,298.04998779296875,-0.0127525875500206,0.0038205777291839,"(-0.05,0.0)"
542,2025-11-07 00:00:00+05:30,296.70001220703125,299.25,0.0085944984430584,0.0062956411229741,"(0.0,0.05)"
543,2025-11-10 00:00:00+05:30,299.45001220703125,301.8500061035156,0.0080146728958056,-0.0209088108273991,"(0.0,0.05)"
544,2025-11-11 00:00:00+05:30,301.8500061035156,304.95001220703125,0.0102700216691482,-0.0096251470610212,"(0.0,0.05)"
545,2025-11-12 00:00:00+05:30,305.04998779296875,309.5,0.0145878130965584,-0.0093712723994022,"(0.0,0.05)"
546,2025-11-13 00:00:00+05:30,309.6499938964844,310.75,0.0035524176495974,0.0252577529330433,"(0.0,0.05)"
547,2025-11-14 00:00:00+05:30,310.75,314.79998779296875,0.0130329454319187,0.0040060499280027,"(0.0,0.05)"
548,2025-11-17 00:00:00+05:30,314.79998779296875,312.0,-0.0088944977812711,0.0028461614628736,"(-0.05,0.0)"
549,2025-11-18 00:00:00+05:30,311.1499938964844,305.95001220703125,-0.0167121381695514,-0.0087365794697304,"(-0.05,0.0)"
550,2025-11-19 00:00:00+05:30,305.04998779296875,304.5,-0.0018029431731759,-0.0062712071305614,"(-0.05,0.0)"
551,2025-11-20 00:00:00+05:30,305.20001220703125,308.3500061035156,0.0103210805062078,-0.0030706034723401,"(0.0,0.05)"
552,2025-11-21 00:00:00+05:30,306.70001220703125,303.54998779296875,-0.0102707019520303,0.0100340551259566,"(-0.05,0.0)"
553,2025-11-24 00:00:00+05:30,302.6000061035156,299.8500061035156,-0.009087904641546,0.003359086190781,"(-0.05,0.0)"
554,2025-11-25 00:00:00+05:30,299.3999938964844,300.95001220703125,0.0051770819710931,-0.0001673231563807,"(0.0,0.05)"
555,2025-11-26 00:00:00+05:30,302.25,307.8999938964844,0.0186931146285669,0.0021797245804037,"(0.0,0.05)"
